year,sex,rounding,cnt,sim_lab
2010,female,n_rr3_1,14241,rounded
2010,female,n_rr3_10,14196,rounded
2010,female,n_rr3_100,14304,rounded
2010,female,n_rr3_11,14220,rounded
2010,female,n_rr3_12,14259,rounded
2010,female,n_rr3_13,14145,rounded
2010,female,n_rr3_14,14220,rounded
2010,female,n_rr3_15,14232,rounded
2010,female,n_rr3_16,14280,rounded
2010,female,n_rr3_17,14253,rounded
2010,female,n_rr3_18,14331,rounded
2010,female,n_rr3_19,14310,rounded
2010,female,n_rr3_2,14265,rounded
2010,female,n_rr3_20,14241,rounded
2010,female,n_rr3_21,14280,rounded
2010,female,n_rr3_22,14259,rounded
2010,female,n_rr3_23,14322,rounded
2010,female,n_rr3_24,14235,rounded
2010,female,n_rr3_25,14355,rounded
2010,female,n_rr3_26,14346,rounded
2010,female,n_rr3_27,14199,rounded
2010,female,n_rr3_28,14241,rounded
2010,female,n_rr3_29,14307,rounded
2010,female,n_rr3_3,14322,rounded
2010,female,n_rr3_30,14250,rounded
2010,female,n_rr3_31,14169,rounded
2010,female,n_rr3_32,14340,rounded
2010,female,n_rr3_33,14295,rounded
2010,female,n_rr3_34,14277,rounded
2010,female,n_rr3_35,14208,rounded
2010,female,n_rr3_36,14235,rounded
2010,female,n_rr3_37,14292,rounded
2010,female,n_rr3_38,14274,rounded
2010,female,n_rr3_39,14268,rounded
2010,female,n_rr3_4,14253,rounded
2010,female,n_rr3_40,14352,rounded
2010,female,n_rr3_41,14283,rounded
2010,female,n_rr3_42,14301,rounded
2010,female,n_rr3_43,14208,rounded
2010,female,n_rr3_44,14196,rounded
2010,female,n_rr3_45,14190,rounded
2010,female,n_rr3_46,14151,rounded
2010,female,n_rr3_47,14190,rounded
2010,female,n_rr3_48,14142,rounded
2010,female,n_rr3_49,14403,rounded
2010,female,n_rr3_5,14283,rounded
2010,female,n_rr3_50,14250,rounded
2010,female,n_rr3_51,14232,rounded
2010,female,n_rr3_52,14235,rounded
2010,female,n_rr3_53,14274,rounded
2010,female,n_rr3_54,14223,rounded
2010,female,n_rr3_55,14211,rounded
2010,female,n_rr3_56,14172,rounded
2010,female,n_rr3_57,14256,rounded
2010,female,n_rr3_58,14271,rounded
2010,female,n_rr3_59,14316,rounded
2010,female,n_rr3_6,14286,rounded
2010,female,n_rr3_60,14340,rounded
2010,female,n_rr3_61,14415,rounded
2010,female,n_rr3_62,14220,rounded
2010,female,n_rr3_63,14244,rounded
2010,female,n_rr3_64,14220,rounded
2010,female,n_rr3_65,14310,rounded
2010,female,n_rr3_66,14175,rounded
2010,female,n_rr3_67,14253,rounded
2010,female,n_rr3_68,14127,rounded
2010,female,n_rr3_69,14292,rounded
2010,female,n_rr3_7,14316,rounded
2010,female,n_rr3_70,14184,rounded
2010,female,n_rr3_71,14301,rounded
2010,female,n_rr3_72,14217,rounded
2010,female,n_rr3_73,14190,rounded
2010,female,n_rr3_74,14247,rounded
2010,female,n_rr3_75,14403,rounded
2010,female,n_rr3_76,14148,rounded
2010,female,n_rr3_77,14325,rounded
2010,female,n_rr3_78,14271,rounded
2010,female,n_rr3_79,14265,rounded
2010,female,n_rr3_8,14172,rounded
2010,female,n_rr3_80,14310,rounded
2010,female,n_rr3_81,14274,rounded
2010,female,n_rr3_82,14277,rounded
2010,female,n_rr3_83,14286,rounded
2010,female,n_rr3_84,14202,rounded
2010,female,n_rr3_85,14256,rounded
2010,female,n_rr3_86,14232,rounded
2010,female,n_rr3_87,14286,rounded
2010,female,n_rr3_88,14250,rounded
2010,female,n_rr3_89,14292,rounded
2010,female,n_rr3_9,14232,rounded
2010,female,n_rr3_90,14190,rounded
2010,female,n_rr3_91,14307,rounded
2010,female,n_rr3_92,14226,rounded
2010,female,n_rr3_93,14247,rounded
2010,female,n_rr3_94,14154,rounded
2010,female,n_rr3_95,14199,rounded
2010,female,n_rr3_96,14247,rounded
2010,female,n_rr3_97,14244,rounded
2010,female,n_rr3_98,14256,rounded
2010,female,n_rr3_99,14295,rounded
2010,female,raw_cnt,14249,unrounded
2010,male,n_rr3_1,14394,rounded
2010,male,n_rr3_10,14277,rounded
2010,male,n_rr3_100,14262,rounded
2010,male,n_rr3_11,14301,rounded
2010,male,n_rr3_12,14346,rounded
2010,male,n_rr3_13,14259,rounded
2010,male,n_rr3_14,14184,rounded
2010,male,n_rr3_15,14286,rounded
2010,male,n_rr3_16,14283,rounded
2010,male,n_rr3_17,14238,rounded
2010,male,n_rr3_18,14211,rounded
2010,male,n_rr3_19,14274,rounded
2010,male,n_rr3_2,14430,rounded
2010,male,n_rr3_20,14262,rounded
2010,male,n_rr3_21,14250,rounded
2010,male,n_rr3_22,14286,rounded
2010,male,n_rr3_23,14274,rounded
2010,male,n_rr3_24,14289,rounded
2010,male,n_rr3_25,14322,rounded
2010,male,n_rr3_26,14136,rounded
2010,male,n_rr3_27,14298,rounded
2010,male,n_rr3_28,14289,rounded
2010,male,n_rr3_29,14265,rounded
2010,male,n_rr3_3,14208,rounded
2010,male,n_rr3_30,14322,rounded
2010,male,n_rr3_31,14226,rounded
2010,male,n_rr3_32,14271,rounded
2010,male,n_rr3_33,14244,rounded
2010,male,n_rr3_34,14358,rounded
2010,male,n_rr3_35,14160,rounded
2010,male,n_rr3_36,14211,rounded
2010,male,n_rr3_37,14190,rounded
2010,male,n_rr3_38,14253,rounded
2010,male,n_rr3_39,14259,rounded
2010,male,n_rr3_4,14166,rounded
2010,male,n_rr3_40,14337,rounded
2010,male,n_rr3_41,14250,rounded
2010,male,n_rr3_42,14262,rounded
2010,male,n_rr3_43,14445,rounded
2010,male,n_rr3_44,14301,rounded
2010,male,n_rr3_45,14190,rounded
2010,male,n_rr3_46,14223,rounded
2010,male,n_rr3_47,14325,rounded
2010,male,n_rr3_48,14310,rounded
2010,male,n_rr3_49,14193,rounded
2010,male,n_rr3_5,14322,rounded
2010,male,n_rr3_50,14328,rounded
2010,male,n_rr3_51,14268,rounded
2010,male,n_rr3_52,14286,rounded
2010,male,n_rr3_53,14316,rounded
2010,male,n_rr3_54,14211,rounded
2010,male,n_rr3_55,14205,rounded
2010,male,n_rr3_56,14259,rounded
2010,male,n_rr3_57,14217,rounded
2010,male,n_rr3_58,14322,rounded
2010,male,n_rr3_59,14280,rounded
2010,male,n_rr3_6,14283,rounded
2010,male,n_rr3_60,14181,rounded
2010,male,n_rr3_61,14226,rounded
2010,male,n_rr3_62,14232,rounded
2010,male,n_rr3_63,14289,rounded
2010,male,n_rr3_64,14322,rounded
2010,male,n_rr3_65,14286,rounded
2010,male,n_rr3_66,14139,rounded
2010,male,n_rr3_67,14292,rounded
2010,male,n_rr3_68,14325,rounded
2010,male,n_rr3_69,14226,rounded
2010,male,n_rr3_7,14238,rounded
2010,male,n_rr3_70,14355,rounded
2010,male,n_rr3_71,14262,rounded
2010,male,n_rr3_72,14256,rounded
2010,male,n_rr3_73,14187,rounded
2010,male,n_rr3_74,14322,rounded
2010,male,n_rr3_75,14196,rounded
2010,male,n_rr3_76,14274,rounded
2010,male,n_rr3_77,14289,rounded
2010,male,n_rr3_78,14202,rounded
2010,male,n_rr3_79,14244,rounded
2010,male,n_rr3_8,14292,rounded
2010,male,n_rr3_80,14271,rounded
2010,male,n_rr3_81,14349,rounded
2010,male,n_rr3_82,14322,rounded
2010,male,n_rr3_83,14214,rounded
2010,male,n_rr3_84,14262,rounded
2010,male,n_rr3_85,14325,rounded
2010,male,n_rr3_86,14229,rounded
2010,male,n_rr3_87,14397,rounded
2010,male,n_rr3_88,14289,rounded
2010,male,n_rr3_89,14106,rounded
2010,male,n_rr3_9,14139,rounded
2010,male,n_rr3_90,14301,rounded
2010,male,n_rr3_91,14295,rounded
2010,male,n_rr3_92,14259,rounded
2010,male,n_rr3_93,14199,rounded
2010,male,n_rr3_94,14172,rounded
2010,male,n_rr3_95,14274,rounded
2010,male,n_rr3_96,14244,rounded
2010,male,n_rr3_97,14250,rounded
2010,male,n_rr3_98,14274,rounded
2010,male,n_rr3_99,14343,rounded
2010,male,raw_cnt,14260,unrounded
2011,female,n_rr3_1,15291,rounded
2011,female,n_rr3_10,15225,rounded
2011,female,n_rr3_100,15354,rounded
2011,female,n_rr3_11,15273,rounded
2011,female,n_rr3_12,15297,rounded
2011,female,n_rr3_13,15252,rounded
2011,female,n_rr3_14,15330,rounded
2011,female,n_rr3_15,15207,rounded
2011,female,n_rr3_16,15276,rounded
2011,female,n_rr3_17,15378,rounded
2011,female,n_rr3_18,15300,rounded
2011,female,n_rr3_19,15300,rounded
2011,female,n_rr3_2,15372,rounded
2011,female,n_rr3_20,15285,rounded
2011,female,n_rr3_21,15282,rounded
2011,female,n_rr3_22,15240,rounded
2011,female,n_rr3_23,15282,rounded
2011,female,n_rr3_24,15303,rounded
2011,female,n_rr3_25,15207,rounded
2011,female,n_rr3_26,15258,rounded
2011,female,n_rr3_27,15345,rounded
2011,female,n_rr3_28,15315,rounded
2011,female,n_rr3_29,15339,rounded
2011,female,n_rr3_3,15165,rounded
2011,female,n_rr3_30,15234,rounded
2011,female,n_rr3_31,15228,rounded
2011,female,n_rr3_32,15192,rounded
2011,female,n_rr3_33,15255,rounded
2011,female,n_rr3_34,15288,rounded
2011,female,n_rr3_35,15258,rounded
2011,female,n_rr3_36,15312,rounded
2011,female,n_rr3_37,15234,rounded
2011,female,n_rr3_38,15273,rounded
2011,female,n_rr3_39,15357,rounded
2011,female,n_rr3_4,15285,rounded
2011,female,n_rr3_40,15345,rounded
2011,female,n_rr3_41,15282,rounded
2011,female,n_rr3_42,15231,rounded
2011,female,n_rr3_43,15300,rounded
2011,female,n_rr3_44,15201,rounded
2011,female,n_rr3_45,15297,rounded
2011,female,n_rr3_46,15282,rounded
2011,female,n_rr3_47,15282,rounded
2011,female,n_rr3_48,15369,rounded
2011,female,n_rr3_49,15243,rounded
2011,female,n_rr3_5,15339,rounded
2011,female,n_rr3_50,15246,rounded
2011,female,n_rr3_51,15309,rounded
2011,female,n_rr3_52,15273,rounded
2011,female,n_rr3_53,15312,rounded
2011,female,n_rr3_54,15213,rounded
2011,female,n_rr3_55,15246,rounded
2011,female,n_rr3_56,15252,rounded
2011,female,n_rr3_57,15255,rounded
2011,female,n_rr3_58,15324,rounded
2011,female,n_rr3_59,15297,rounded
2011,female,n_rr3_6,15210,rounded
2011,female,n_rr3_60,15351,rounded
2011,female,n_rr3_61,15261,rounded
2011,female,n_rr3_62,15297,rounded
2011,female,n_rr3_63,15165,rounded
2011,female,n_rr3_64,15222,rounded
2011,female,n_rr3_65,15288,rounded
2011,female,n_rr3_66,15243,rounded
2011,female,n_rr3_67,15384,rounded
2011,female,n_rr3_68,15372,rounded
2011,female,n_rr3_69,15267,rounded
2011,female,n_rr3_7,15360,rounded
2011,female,n_rr3_70,15192,rounded
2011,female,n_rr3_71,15282,rounded
2011,female,n_rr3_72,15318,rounded
2011,female,n_rr3_73,15165,rounded
2011,female,n_rr3_74,15315,rounded
2011,female,n_rr3_75,15291,rounded
2011,female,n_rr3_76,15291,rounded
2011,female,n_rr3_77,15348,rounded
2011,female,n_rr3_78,15372,rounded
2011,female,n_rr3_79,15159,rounded
2011,female,n_rr3_8,15354,rounded
2011,female,n_rr3_80,15333,rounded
2011,female,n_rr3_81,15390,rounded
2011,female,n_rr3_82,15219,rounded
2011,female,n_rr3_83,15249,rounded
2011,female,n_rr3_84,15297,rounded
2011,female,n_rr3_85,15207,rounded
2011,female,n_rr3_86,15306,rounded
2011,female,n_rr3_87,15240,rounded
2011,female,n_rr3_88,15291,rounded
2011,female,n_rr3_89,15321,rounded
2011,female,n_rr3_9,15213,rounded
2011,female,n_rr3_90,15321,rounded
2011,female,n_rr3_91,15264,rounded
2011,female,n_rr3_92,15279,rounded
2011,female,n_rr3_93,15315,rounded
2011,female,n_rr3_94,15204,rounded
2011,female,n_rr3_95,15243,rounded
2011,female,n_rr3_96,15276,rounded
2011,female,n_rr3_97,15207,rounded
2011,female,n_rr3_98,15303,rounded
2011,female,n_rr3_99,15246,rounded
2011,female,raw_cnt,15278,unrounded
2011,male,n_rr3_1,14826,rounded
2011,male,n_rr3_10,14982,rounded
2011,male,n_rr3_100,14847,rounded
2011,male,n_rr3_11,15018,rounded
2011,male,n_rr3_12,14895,rounded
2011,male,n_rr3_13,14931,rounded
2011,male,n_rr3_14,14856,rounded
2011,male,n_rr3_15,14871,rounded
2011,male,n_rr3_16,14919,rounded
2011,male,n_rr3_17,14958,rounded
2011,male,n_rr3_18,14937,rounded
2011,male,n_rr3_19,14874,rounded
2011,male,n_rr3_2,14970,rounded
2011,male,n_rr3_20,14859,rounded
2011,male,n_rr3_21,14958,rounded
2011,male,n_rr3_22,14844,rounded
2011,male,n_rr3_23,14958,rounded
2011,male,n_rr3_24,14838,rounded
2011,male,n_rr3_25,14844,rounded
2011,male,n_rr3_26,14901,rounded
2011,male,n_rr3_27,14757,rounded
2011,male,n_rr3_28,14811,rounded
2011,male,n_rr3_29,14859,rounded
2011,male,n_rr3_3,14907,rounded
2011,male,n_rr3_30,14826,rounded
2011,male,n_rr3_31,14925,rounded
2011,male,n_rr3_32,14910,rounded
2011,male,n_rr3_33,14781,rounded
2011,male,n_rr3_34,14973,rounded
2011,male,n_rr3_35,14859,rounded
2011,male,n_rr3_36,14952,rounded
2011,male,n_rr3_37,14781,rounded
2011,male,n_rr3_38,14850,rounded
2011,male,n_rr3_39,14877,rounded
2011,male,n_rr3_4,14880,rounded
2011,male,n_rr3_40,15024,rounded
2011,male,n_rr3_41,15048,rounded
2011,male,n_rr3_42,14823,rounded
2011,male,n_rr3_43,15063,rounded
2011,male,n_rr3_44,14970,rounded
2011,male,n_rr3_45,14946,rounded
2011,male,n_rr3_46,14874,rounded
2011,male,n_rr3_47,14859,rounded
2011,male,n_rr3_48,14892,rounded
2011,male,n_rr3_49,14835,rounded
2011,male,n_rr3_5,15021,rounded
2011,male,n_rr3_50,14853,rounded
2011,male,n_rr3_51,14976,rounded
2011,male,n_rr3_52,14805,rounded
2011,male,n_rr3_53,14790,rounded
2011,male,n_rr3_54,14814,rounded
2011,male,n_rr3_55,14916,rounded
2011,male,n_rr3_56,14808,rounded
2011,male,n_rr3_57,14895,rounded
2011,male,n_rr3_58,14907,rounded
2011,male,n_rr3_59,14805,rounded
2011,male,n_rr3_6,14988,rounded
2011,male,n_rr3_60,14886,rounded
2011,male,n_rr3_61,14967,rounded
2011,male,n_rr3_62,14916,rounded
2011,male,n_rr3_63,14913,rounded
2011,male,n_rr3_64,14877,rounded
2011,male,n_rr3_65,14826,rounded
2011,male,n_rr3_66,14757,rounded
2011,male,n_rr3_67,14889,rounded
2011,male,n_rr3_68,14892,rounded
2011,male,n_rr3_69,14922,rounded
2011,male,n_rr3_7,14958,rounded
2011,male,n_rr3_70,14961,rounded
2011,male,n_rr3_71,14862,rounded
2011,male,n_rr3_72,14808,rounded
2011,male,n_rr3_73,14940,rounded
2011,male,n_rr3_74,14790,rounded
2011,male,n_rr3_75,14955,rounded
2011,male,n_rr3_76,14853,rounded
2011,male,n_rr3_77,14814,rounded
2011,male,n_rr3_78,14856,rounded
2011,male,n_rr3_79,14895,rounded
2011,male,n_rr3_8,14979,rounded
2011,male,n_rr3_80,14946,rounded
2011,male,n_rr3_81,14853,rounded
2011,male,n_rr3_82,14901,rounded
2011,male,n_rr3_83,14826,rounded
2011,male,n_rr3_84,14895,rounded
2011,male,n_rr3_85,14943,rounded
2011,male,n_rr3_86,14745,rounded
2011,male,n_rr3_87,14880,rounded
2011,male,n_rr3_88,14940,rounded
2011,male,n_rr3_89,14973,rounded
2011,male,n_rr3_9,14934,rounded
2011,male,n_rr3_90,14799,rounded
2011,male,n_rr3_91,14838,rounded
2011,male,n_rr3_92,14808,rounded
2011,male,n_rr3_93,14997,rounded
2011,male,n_rr3_94,14907,rounded
2011,male,n_rr3_95,14970,rounded
2011,male,n_rr3_96,14895,rounded
2011,male,n_rr3_97,14829,rounded
2011,male,n_rr3_98,14907,rounded
2011,male,n_rr3_99,15018,rounded
2011,male,raw_cnt,14889,unrounded
2012,female,n_rr3_1,14994,rounded
2012,female,n_rr3_10,14964,rounded
2012,female,n_rr3_100,15027,rounded
2012,female,n_rr3_11,15054,rounded
2012,female,n_rr3_12,15162,rounded
2012,female,n_rr3_13,15000,rounded
2012,female,n_rr3_14,15114,rounded
2012,female,n_rr3_15,15000,rounded
2012,female,n_rr3_16,15078,rounded
2012,female,n_rr3_17,15114,rounded
2012,female,n_rr3_18,15072,rounded
2012,female,n_rr3_19,15009,rounded
2012,female,n_rr3_2,15129,rounded
2012,female,n_rr3_20,15162,rounded
2012,female,n_rr3_21,14988,rounded
2012,female,n_rr3_22,15132,rounded
2012,female,n_rr3_23,15066,rounded
2012,female,n_rr3_24,14955,rounded
2012,female,n_rr3_25,15045,rounded
2012,female,n_rr3_26,15093,rounded
2012,female,n_rr3_27,15048,rounded
2012,female,n_rr3_28,14973,rounded
2012,female,n_rr3_29,14988,rounded
2012,female,n_rr3_3,15045,rounded
2012,female,n_rr3_30,14961,rounded
2012,female,n_rr3_31,15087,rounded
2012,female,n_rr3_32,15069,rounded
2012,female,n_rr3_33,15075,rounded
2012,female,n_rr3_34,15024,rounded
2012,female,n_rr3_35,15039,rounded
2012,female,n_rr3_36,15123,rounded
2012,female,n_rr3_37,15057,rounded
2012,female,n_rr3_38,15003,rounded
2012,female,n_rr3_39,15033,rounded
2012,female,n_rr3_4,14967,rounded
2012,female,n_rr3_40,15012,rounded
2012,female,n_rr3_41,15015,rounded
2012,female,n_rr3_42,15162,rounded
2012,female,n_rr3_43,14994,rounded
2012,female,n_rr3_44,14988,rounded
2012,female,n_rr3_45,15018,rounded
2012,female,n_rr3_46,15090,rounded
2012,female,n_rr3_47,15096,rounded
2012,female,n_rr3_48,15102,rounded
2012,female,n_rr3_49,15042,rounded
2012,female,n_rr3_5,15060,rounded
2012,female,n_rr3_50,15132,rounded
2012,female,n_rr3_51,14970,rounded
2012,female,n_rr3_52,15117,rounded
2012,female,n_rr3_53,15138,rounded
2012,female,n_rr3_54,15015,rounded
2012,female,n_rr3_55,15021,rounded
2012,female,n_rr3_56,15030,rounded
2012,female,n_rr3_57,15054,rounded
2012,female,n_rr3_58,14895,rounded
2012,female,n_rr3_59,15126,rounded
2012,female,n_rr3_6,15009,rounded
2012,female,n_rr3_60,15024,rounded
2012,female,n_rr3_61,15045,rounded
2012,female,n_rr3_62,14976,rounded
2012,female,n_rr3_63,15078,rounded
2012,female,n_rr3_64,15081,rounded
2012,female,n_rr3_65,15063,rounded
2012,female,n_rr3_66,15120,rounded
2012,female,n_rr3_67,15135,rounded
2012,female,n_rr3_68,15048,rounded
2012,female,n_rr3_69,15183,rounded
2012,female,n_rr3_7,14934,rounded
2012,female,n_rr3_70,15030,rounded
2012,female,n_rr3_71,15072,rounded
2012,female,n_rr3_72,14907,rounded
2012,female,n_rr3_73,15060,rounded
2012,female,n_rr3_74,15081,rounded
2012,female,n_rr3_75,15066,rounded
2012,female,n_rr3_76,15072,rounded
2012,female,n_rr3_77,14973,rounded
2012,female,n_rr3_78,15063,rounded
2012,female,n_rr3_79,15243,rounded
2012,female,n_rr3_8,15066,rounded
2012,female,n_rr3_80,15000,rounded
2012,female,n_rr3_81,15063,rounded
2012,female,n_rr3_82,15036,rounded
2012,female,n_rr3_83,15138,rounded
2012,female,n_rr3_84,14994,rounded
2012,female,n_rr3_85,15003,rounded
2012,female,n_rr3_86,15111,rounded
2012,female,n_rr3_87,15096,rounded
2012,female,n_rr3_88,15039,rounded
2012,female,n_rr3_89,15147,rounded
2012,female,n_rr3_9,15042,rounded
2012,female,n_rr3_90,15147,rounded
2012,female,n_rr3_91,15045,rounded
2012,female,n_rr3_92,15051,rounded
2012,female,n_rr3_93,15000,rounded
2012,female,n_rr3_94,15060,rounded
2012,female,n_rr3_95,15081,rounded
2012,female,n_rr3_96,14997,rounded
2012,female,n_rr3_97,15141,rounded
2012,female,n_rr3_98,15114,rounded
2012,female,n_rr3_99,15033,rounded
2012,female,raw_cnt,15060,unrounded
2012,male,n_rr3_1,14970,rounded
2012,male,n_rr3_10,14970,rounded
2012,male,n_rr3_100,15081,rounded
2012,male,n_rr3_11,15159,rounded
2012,male,n_rr3_12,14982,rounded
2012,male,n_rr3_13,14982,rounded
2012,male,n_rr3_14,14958,rounded
2012,male,n_rr3_15,15225,rounded
2012,male,n_rr3_16,15198,rounded
2012,male,n_rr3_17,14985,rounded
2012,male,n_rr3_18,14946,rounded
2012,male,n_rr3_19,15057,rounded
2012,male,n_rr3_2,15123,rounded
2012,male,n_rr3_20,15051,rounded
2012,male,n_rr3_21,15066,rounded
2012,male,n_rr3_22,15096,rounded
2012,male,n_rr3_23,15129,rounded
2012,male,n_rr3_24,15045,rounded
2012,male,n_rr3_25,14952,rounded
2012,male,n_rr3_26,15039,rounded
2012,male,n_rr3_27,15096,rounded
2012,male,n_rr3_28,15051,rounded
2012,male,n_rr3_29,15033,rounded
2012,male,n_rr3_3,14940,rounded
2012,male,n_rr3_30,15144,rounded
2012,male,n_rr3_31,14991,rounded
2012,male,n_rr3_32,15087,rounded
2012,male,n_rr3_33,15132,rounded
2012,male,n_rr3_34,15126,rounded
2012,male,n_rr3_35,15084,rounded
2012,male,n_rr3_36,15087,rounded
2012,male,n_rr3_37,15024,rounded
2012,male,n_rr3_38,15063,rounded
2012,male,n_rr3_39,14931,rounded
2012,male,n_rr3_4,15126,rounded
2012,male,n_rr3_40,15021,rounded
2012,male,n_rr3_41,14910,rounded
2012,male,n_rr3_42,15015,rounded
2012,male,n_rr3_43,15009,rounded
2012,male,n_rr3_44,15078,rounded
2012,male,n_rr3_45,15093,rounded
2012,male,n_rr3_46,15018,rounded
2012,male,n_rr3_47,15039,rounded
2012,male,n_rr3_48,15213,rounded
2012,male,n_rr3_49,15060,rounded
2012,male,n_rr3_5,15030,rounded
2012,male,n_rr3_50,15111,rounded
2012,male,n_rr3_51,15084,rounded
2012,male,n_rr3_52,15024,rounded
2012,male,n_rr3_53,14961,rounded
2012,male,n_rr3_54,15093,rounded
2012,male,n_rr3_55,15126,rounded
2012,male,n_rr3_56,14994,rounded
2012,male,n_rr3_57,15021,rounded
2012,male,n_rr3_58,15054,rounded
2012,male,n_rr3_59,15054,rounded
2012,male,n_rr3_6,14982,rounded
2012,male,n_rr3_60,15057,rounded
2012,male,n_rr3_61,15015,rounded
2012,male,n_rr3_62,15099,rounded
2012,male,n_rr3_63,15129,rounded
2012,male,n_rr3_64,15063,rounded
2012,male,n_rr3_65,15138,rounded
2012,male,n_rr3_66,15021,rounded
2012,male,n_rr3_67,15033,rounded
2012,male,n_rr3_68,15048,rounded
2012,male,n_rr3_69,14928,rounded
2012,male,n_rr3_7,15087,rounded
2012,male,n_rr3_70,14880,rounded
2012,male,n_rr3_71,15105,rounded
2012,male,n_rr3_72,15051,rounded
2012,male,n_rr3_73,14952,rounded
2012,male,n_rr3_74,15138,rounded
2012,male,n_rr3_75,15144,rounded
2012,male,n_rr3_76,15102,rounded
2012,male,n_rr3_77,15072,rounded
2012,male,n_rr3_78,14973,rounded
2012,male,n_rr3_79,14937,rounded
2012,male,n_rr3_8,15015,rounded
2012,male,n_rr3_80,14994,rounded
2012,male,n_rr3_81,14937,rounded
2012,male,n_rr3_82,15027,rounded
2012,male,n_rr3_83,15042,rounded
2012,male,n_rr3_84,15000,rounded
2012,male,n_rr3_85,15099,rounded
2012,male,n_rr3_86,14994,rounded
2012,male,n_rr3_87,15021,rounded
2012,male,n_rr3_88,15039,rounded
2012,male,n_rr3_89,14934,rounded
2012,male,n_rr3_9,15009,rounded
2012,male,n_rr3_90,15036,rounded
2012,male,n_rr3_91,15072,rounded
2012,male,n_rr3_92,15000,rounded
2012,male,n_rr3_93,15033,rounded
2012,male,n_rr3_94,14994,rounded
2012,male,n_rr3_95,15006,rounded
2012,male,n_rr3_96,14964,rounded
2012,male,n_rr3_97,14997,rounded
2012,male,n_rr3_98,15036,rounded
2012,male,n_rr3_99,15024,rounded
2012,male,raw_cnt,15039,unrounded
2013,female,n_rr3_1,14598,rounded
2013,female,n_rr3_10,14529,rounded
2013,female,n_rr3_100,14433,rounded
2013,female,n_rr3_11,14631,rounded
2013,female,n_rr3_12,14574,rounded
2013,female,n_rr3_13,14541,rounded
2013,female,n_rr3_14,14595,rounded
2013,female,n_rr3_15,14580,rounded
2013,female,n_rr3_16,14574,rounded
2013,female,n_rr3_17,14442,rounded
2013,female,n_rr3_18,14676,rounded
2013,female,n_rr3_19,14493,rounded
2013,female,n_rr3_2,14607,rounded
2013,female,n_rr3_20,14664,rounded
2013,female,n_rr3_21,14637,rounded
2013,female,n_rr3_22,14538,rounded
2013,female,n_rr3_23,14628,rounded
2013,female,n_rr3_24,14589,rounded
2013,female,n_rr3_25,14499,rounded
2013,female,n_rr3_26,14514,rounded
2013,female,n_rr3_27,14655,rounded
2013,female,n_rr3_28,14547,rounded
2013,female,n_rr3_29,14703,rounded
2013,female,n_rr3_3,14457,rounded
2013,female,n_rr3_30,14628,rounded
2013,female,n_rr3_31,14565,rounded
2013,female,n_rr3_32,14574,rounded
2013,female,n_rr3_33,14520,rounded
2013,female,n_rr3_34,14589,rounded
2013,female,n_rr3_35,14643,rounded
2013,female,n_rr3_36,14661,rounded
2013,female,n_rr3_37,14565,rounded
2013,female,n_rr3_38,14520,rounded
2013,female,n_rr3_39,14613,rounded
2013,female,n_rr3_4,14547,rounded
2013,female,n_rr3_40,14460,rounded
2013,female,n_rr3_41,14463,rounded
2013,female,n_rr3_42,14658,rounded
2013,female,n_rr3_43,14601,rounded
2013,female,n_rr3_44,14574,rounded
2013,female,n_rr3_45,14427,rounded
2013,female,n_rr3_46,14655,rounded
2013,female,n_rr3_47,14580,rounded
2013,female,n_rr3_48,14604,rounded
2013,female,n_rr3_49,14655,rounded
2013,female,n_rr3_5,14577,rounded
2013,female,n_rr3_50,14556,rounded
2013,female,n_rr3_51,14604,rounded
2013,female,n_rr3_52,14688,rounded
2013,female,n_rr3_53,14490,rounded
2013,female,n_rr3_54,14628,rounded
2013,female,n_rr3_55,14595,rounded
2013,female,n_rr3_56,14634,rounded
2013,female,n_rr3_57,14562,rounded
2013,female,n_rr3_58,14508,rounded
2013,female,n_rr3_59,14526,rounded
2013,female,n_rr3_6,14541,rounded
2013,female,n_rr3_60,14553,rounded
2013,female,n_rr3_61,14595,rounded
2013,female,n_rr3_62,14532,rounded
2013,female,n_rr3_63,14571,rounded
2013,female,n_rr3_64,14586,rounded
2013,female,n_rr3_65,14592,rounded
2013,female,n_rr3_66,14445,rounded
2013,female,n_rr3_67,14538,rounded
2013,female,n_rr3_68,14538,rounded
2013,female,n_rr3_69,14514,rounded
2013,female,n_rr3_7,14508,rounded
2013,female,n_rr3_70,14562,rounded
2013,female,n_rr3_71,14541,rounded
2013,female,n_rr3_72,14583,rounded
2013,female,n_rr3_73,14541,rounded
2013,female,n_rr3_74,14499,rounded
2013,female,n_rr3_75,14535,rounded
2013,female,n_rr3_76,14508,rounded
2013,female,n_rr3_77,14628,rounded
2013,female,n_rr3_78,14616,rounded
2013,female,n_rr3_79,14598,rounded
2013,female,n_rr3_8,14535,rounded
2013,female,n_rr3_80,14535,rounded
2013,female,n_rr3_81,14574,rounded
2013,female,n_rr3_82,14640,rounded
2013,female,n_rr3_83,14541,rounded
2013,female,n_rr3_84,14541,rounded
2013,female,n_rr3_85,14583,rounded
2013,female,n_rr3_86,14625,rounded
2013,female,n_rr3_87,14526,rounded
2013,female,n_rr3_88,14532,rounded
2013,female,n_rr3_89,14541,rounded
2013,female,n_rr3_9,14523,rounded
2013,female,n_rr3_90,14559,rounded
2013,female,n_rr3_91,14562,rounded
2013,female,n_rr3_92,14688,rounded
2013,female,n_rr3_93,14553,rounded
2013,female,n_rr3_94,14571,rounded
2013,female,n_rr3_95,14619,rounded
2013,female,n_rr3_96,14514,rounded
2013,female,n_rr3_97,14583,rounded
2013,female,n_rr3_98,14688,rounded
2013,female,n_rr3_99,14640,rounded
2013,female,raw_cnt,14570,unrounded
2013,male,n_rr3_1,14841,rounded
2013,male,n_rr3_10,14772,rounded
2013,male,n_rr3_100,14835,rounded
2013,male,n_rr3_11,14886,rounded
2013,male,n_rr3_12,14793,rounded
2013,male,n_rr3_13,14829,rounded
2013,male,n_rr3_14,14835,rounded
2013,male,n_rr3_15,14814,rounded
2013,male,n_rr3_16,14847,rounded
2013,male,n_rr3_17,14736,rounded
2013,male,n_rr3_18,14865,rounded
2013,male,n_rr3_19,14811,rounded
2013,male,n_rr3_2,14982,rounded
2013,male,n_rr3_20,14883,rounded
2013,male,n_rr3_21,14772,rounded
2013,male,n_rr3_22,14715,rounded
2013,male,n_rr3_23,14814,rounded
2013,male,n_rr3_24,14832,rounded
2013,male,n_rr3_25,14739,rounded
2013,male,n_rr3_26,14724,rounded
2013,male,n_rr3_27,14835,rounded
2013,male,n_rr3_28,14739,rounded
2013,male,n_rr3_29,14829,rounded
2013,male,n_rr3_3,14892,rounded
2013,male,n_rr3_30,14817,rounded
2013,male,n_rr3_31,14793,rounded
2013,male,n_rr3_32,14814,rounded
2013,male,n_rr3_33,14709,rounded
2013,male,n_rr3_34,14859,rounded
2013,male,n_rr3_35,14754,rounded
2013,male,n_rr3_36,14793,rounded
2013,male,n_rr3_37,14823,rounded
2013,male,n_rr3_38,14844,rounded
2013,male,n_rr3_39,14790,rounded
2013,male,n_rr3_4,14793,rounded
2013,male,n_rr3_40,14838,rounded
2013,male,n_rr3_41,14808,rounded
2013,male,n_rr3_42,14856,rounded
2013,male,n_rr3_43,14820,rounded
2013,male,n_rr3_44,14817,rounded
2013,male,n_rr3_45,14781,rounded
2013,male,n_rr3_46,14844,rounded
2013,male,n_rr3_47,14832,rounded
2013,male,n_rr3_48,14820,rounded
2013,male,n_rr3_49,14787,rounded
2013,male,n_rr3_5,14712,rounded
2013,male,n_rr3_50,14793,rounded
2013,male,n_rr3_51,14799,rounded
2013,male,n_rr3_52,14985,rounded
2013,male,n_rr3_53,14805,rounded
2013,male,n_rr3_54,14820,rounded
2013,male,n_rr3_55,14844,rounded
2013,male,n_rr3_56,14880,rounded
2013,male,n_rr3_57,14742,rounded
2013,male,n_rr3_58,14850,rounded
2013,male,n_rr3_59,14769,rounded
2013,male,n_rr3_6,14784,rounded
2013,male,n_rr3_60,14739,rounded
2013,male,n_rr3_61,14889,rounded
2013,male,n_rr3_62,14823,rounded
2013,male,n_rr3_63,14811,rounded
2013,male,n_rr3_64,14811,rounded
2013,male,n_rr3_65,14784,rounded
2013,male,n_rr3_66,14736,rounded
2013,male,n_rr3_67,14811,rounded
2013,male,n_rr3_68,14799,rounded
2013,male,n_rr3_69,14802,rounded
2013,male,n_rr3_7,14817,rounded
2013,male,n_rr3_70,14916,rounded
2013,male,n_rr3_71,14682,rounded
2013,male,n_rr3_72,14826,rounded
2013,male,n_rr3_73,14841,rounded
2013,male,n_rr3_74,14787,rounded
2013,male,n_rr3_75,14739,rounded
2013,male,n_rr3_76,14871,rounded
2013,male,n_rr3_77,14913,rounded
2013,male,n_rr3_78,14781,rounded
2013,male,n_rr3_79,14760,rounded
2013,male,n_rr3_8,14871,rounded
2013,male,n_rr3_80,14829,rounded
2013,male,n_rr3_81,14769,rounded
2013,male,n_rr3_82,14790,rounded
2013,male,n_rr3_83,14898,rounded
2013,male,n_rr3_84,14898,rounded
2013,male,n_rr3_85,14796,rounded
2013,male,n_rr3_86,14664,rounded
2013,male,n_rr3_87,14811,rounded
2013,male,n_rr3_88,14868,rounded
2013,male,n_rr3_89,14670,rounded
2013,male,n_rr3_9,14811,rounded
2013,male,n_rr3_90,14766,rounded
2013,male,n_rr3_91,14940,rounded
2013,male,n_rr3_92,14886,rounded
2013,male,n_rr3_93,14883,rounded
2013,male,n_rr3_94,14859,rounded
2013,male,n_rr3_95,14787,rounded
2013,male,n_rr3_96,14757,rounded
2013,male,n_rr3_97,14802,rounded
2013,male,n_rr3_98,14760,rounded
2013,male,n_rr3_99,14712,rounded
2013,male,raw_cnt,14815,unrounded
2014,female,n_rr3_1,15399,rounded
2014,female,n_rr3_10,15405,rounded
2014,female,n_rr3_100,15303,rounded
2014,female,n_rr3_11,15381,rounded
2014,female,n_rr3_12,15345,rounded
2014,female,n_rr3_13,15297,rounded
2014,female,n_rr3_14,15294,rounded
2014,female,n_rr3_15,15393,rounded
2014,female,n_rr3_16,15384,rounded
2014,female,n_rr3_17,15345,rounded
2014,female,n_rr3_18,15285,rounded
2014,female,n_rr3_19,15342,rounded
2014,female,n_rr3_2,15270,rounded
2014,female,n_rr3_20,15270,rounded
2014,female,n_rr3_21,15423,rounded
2014,female,n_rr3_22,15387,rounded
2014,female,n_rr3_23,15315,rounded
2014,female,n_rr3_24,15366,rounded
2014,female,n_rr3_25,15351,rounded
2014,female,n_rr3_26,15321,rounded
2014,female,n_rr3_27,15351,rounded
2014,female,n_rr3_28,15300,rounded
2014,female,n_rr3_29,15321,rounded
2014,female,n_rr3_3,15324,rounded
2014,female,n_rr3_30,15312,rounded
2014,female,n_rr3_31,15333,rounded
2014,female,n_rr3_32,15303,rounded
2014,female,n_rr3_33,15363,rounded
2014,female,n_rr3_34,15345,rounded
2014,female,n_rr3_35,15378,rounded
2014,female,n_rr3_36,15327,rounded
2014,female,n_rr3_37,15483,rounded
2014,female,n_rr3_38,15324,rounded
2014,female,n_rr3_39,15207,rounded
2014,female,n_rr3_4,15324,rounded
2014,female,n_rr3_40,15405,rounded
2014,female,n_rr3_41,15306,rounded
2014,female,n_rr3_42,15273,rounded
2014,female,n_rr3_43,15273,rounded
2014,female,n_rr3_44,15342,rounded
2014,female,n_rr3_45,15234,rounded
2014,female,n_rr3_46,15318,rounded
2014,female,n_rr3_47,15453,rounded
2014,female,n_rr3_48,15309,rounded
2014,female,n_rr3_49,15351,rounded
2014,female,n_rr3_5,15324,rounded
2014,female,n_rr3_50,15324,rounded
2014,female,n_rr3_51,15312,rounded
2014,female,n_rr3_52,15348,rounded
2014,female,n_rr3_53,15240,rounded
2014,female,n_rr3_54,15366,rounded
2014,female,n_rr3_55,15453,rounded
2014,female,n_rr3_56,15366,rounded
2014,female,n_rr3_57,15294,rounded
2014,female,n_rr3_58,15267,rounded
2014,female,n_rr3_59,15348,rounded
2014,female,n_rr3_6,15318,rounded
2014,female,n_rr3_60,15291,rounded
2014,female,n_rr3_61,15351,rounded
2014,female,n_rr3_62,15261,rounded
2014,female,n_rr3_63,15309,rounded
2014,female,n_rr3_64,15420,rounded
2014,female,n_rr3_65,15261,rounded
2014,female,n_rr3_66,15393,rounded
2014,female,n_rr3_67,15351,rounded
2014,female,n_rr3_68,15213,rounded
2014,female,n_rr3_69,15393,rounded
2014,female,n_rr3_7,15345,rounded
2014,female,n_rr3_70,15273,rounded
2014,female,n_rr3_71,15354,rounded
2014,female,n_rr3_72,15291,rounded
2014,female,n_rr3_73,15297,rounded
2014,female,n_rr3_74,15294,rounded
2014,female,n_rr3_75,15330,rounded
2014,female,n_rr3_76,15303,rounded
2014,female,n_rr3_77,15402,rounded
2014,female,n_rr3_78,15318,rounded
2014,female,n_rr3_79,15345,rounded
2014,female,n_rr3_8,15468,rounded
2014,female,n_rr3_80,15252,rounded
2014,female,n_rr3_81,15366,rounded
2014,female,n_rr3_82,15345,rounded
2014,female,n_rr3_83,15213,rounded
2014,female,n_rr3_84,15294,rounded
2014,female,n_rr3_85,15309,rounded
2014,female,n_rr3_86,15300,rounded
2014,female,n_rr3_87,15300,rounded
2014,female,n_rr3_88,15267,rounded
2014,female,n_rr3_89,15396,rounded
2014,female,n_rr3_9,15264,rounded
2014,female,n_rr3_90,15396,rounded
2014,female,n_rr3_91,15339,rounded
2014,female,n_rr3_92,15297,rounded
2014,female,n_rr3_93,15282,rounded
2014,female,n_rr3_94,15351,rounded
2014,female,n_rr3_95,15372,rounded
2014,female,n_rr3_96,15351,rounded
2014,female,n_rr3_97,15300,rounded
2014,female,n_rr3_98,15321,rounded
2014,female,n_rr3_99,15315,rounded
2014,female,raw_cnt,15334,unrounded
2014,male,n_rr3_1,15756,rounded
2014,male,n_rr3_10,15669,rounded
2014,male,n_rr3_100,15639,rounded
2014,male,n_rr3_11,15651,rounded
2014,male,n_rr3_12,15690,rounded
2014,male,n_rr3_13,15609,rounded
2014,male,n_rr3_14,15534,rounded
2014,male,n_rr3_15,15540,rounded
2014,male,n_rr3_16,15660,rounded
2014,male,n_rr3_17,15666,rounded
2014,male,n_rr3_18,15738,rounded
2014,male,n_rr3_19,15759,rounded
2014,male,n_rr3_2,15558,rounded
2014,male,n_rr3_20,15612,rounded
2014,male,n_rr3_21,15597,rounded
2014,male,n_rr3_22,15582,rounded
2014,male,n_rr3_23,15657,rounded
2014,male,n_rr3_24,15588,rounded
2014,male,n_rr3_25,15720,rounded
2014,male,n_rr3_26,15591,rounded
2014,male,n_rr3_27,15615,rounded
2014,male,n_rr3_28,15615,rounded
2014,male,n_rr3_29,15786,rounded
2014,male,n_rr3_3,15603,rounded
2014,male,n_rr3_30,15609,rounded
2014,male,n_rr3_31,15609,rounded
2014,male,n_rr3_32,15618,rounded
2014,male,n_rr3_33,15750,rounded
2014,male,n_rr3_34,15729,rounded
2014,male,n_rr3_35,15522,rounded
2014,male,n_rr3_36,15741,rounded
2014,male,n_rr3_37,15537,rounded
2014,male,n_rr3_38,15633,rounded
2014,male,n_rr3_39,15636,rounded
2014,male,n_rr3_4,15612,rounded
2014,male,n_rr3_40,15636,rounded
2014,male,n_rr3_41,15615,rounded
2014,male,n_rr3_42,15699,rounded
2014,male,n_rr3_43,15666,rounded
2014,male,n_rr3_44,15627,rounded
2014,male,n_rr3_45,15606,rounded
2014,male,n_rr3_46,15612,rounded
2014,male,n_rr3_47,15705,rounded
2014,male,n_rr3_48,15753,rounded
2014,male,n_rr3_49,15690,rounded
2014,male,n_rr3_5,15687,rounded
2014,male,n_rr3_50,15570,rounded
2014,male,n_rr3_51,15615,rounded
2014,male,n_rr3_52,15729,rounded
2014,male,n_rr3_53,15603,rounded
2014,male,n_rr3_54,15564,rounded
2014,male,n_rr3_55,15585,rounded
2014,male,n_rr3_56,15666,rounded
2014,male,n_rr3_57,15714,rounded
2014,male,n_rr3_58,15654,rounded
2014,male,n_rr3_59,15759,rounded
2014,male,n_rr3_6,15663,rounded
2014,male,n_rr3_60,15639,rounded
2014,male,n_rr3_61,15657,rounded
2014,male,n_rr3_62,15621,rounded
2014,male,n_rr3_63,15600,rounded
2014,male,n_rr3_64,15597,rounded
2014,male,n_rr3_65,15621,rounded
2014,male,n_rr3_66,15705,rounded
2014,male,n_rr3_67,15708,rounded
2014,male,n_rr3_68,15657,rounded
2014,male,n_rr3_69,15690,rounded
2014,male,n_rr3_7,15597,rounded
2014,male,n_rr3_70,15705,rounded
2014,male,n_rr3_71,15795,rounded
2014,male,n_rr3_72,15669,rounded
2014,male,n_rr3_73,15654,rounded
2014,male,n_rr3_74,15663,rounded
2014,male,n_rr3_75,15570,rounded
2014,male,n_rr3_76,15675,rounded
2014,male,n_rr3_77,15585,rounded
2014,male,n_rr3_78,15687,rounded
2014,male,n_rr3_79,15711,rounded
2014,male,n_rr3_8,15576,rounded
2014,male,n_rr3_80,15696,rounded
2014,male,n_rr3_81,15753,rounded
2014,male,n_rr3_82,15606,rounded
2014,male,n_rr3_83,15669,rounded
2014,male,n_rr3_84,15597,rounded
2014,male,n_rr3_85,15717,rounded
2014,male,n_rr3_86,15714,rounded
2014,male,n_rr3_87,15747,rounded
2014,male,n_rr3_88,15630,rounded
2014,male,n_rr3_89,15603,rounded
2014,male,n_rr3_9,15639,rounded
2014,male,n_rr3_90,15642,rounded
2014,male,n_rr3_91,15750,rounded
2014,male,n_rr3_92,15702,rounded
2014,male,n_rr3_93,15627,rounded
2014,male,n_rr3_94,15702,rounded
2014,male,n_rr3_95,15597,rounded
2014,male,n_rr3_96,15681,rounded
2014,male,n_rr3_97,15603,rounded
2014,male,n_rr3_98,15648,rounded
2014,male,n_rr3_99,15609,rounded
2014,male,raw_cnt,15648,unrounded
2015,female,n_rr3_1,15798,rounded
2015,female,n_rr3_10,15792,rounded
2015,female,n_rr3_100,15945,rounded
2015,female,n_rr3_11,15864,rounded
2015,female,n_rr3_12,15840,rounded
2015,female,n_rr3_13,15804,rounded
2015,female,n_rr3_14,15801,rounded
2015,female,n_rr3_15,15789,rounded
2015,female,n_rr3_16,15879,rounded
2015,female,n_rr3_17,15912,rounded
2015,female,n_rr3_18,15930,rounded
2015,female,n_rr3_19,15726,rounded
2015,female,n_rr3_2,15801,rounded
2015,female,n_rr3_20,15993,rounded
2015,female,n_rr3_21,15894,rounded
2015,female,n_rr3_22,15831,rounded
2015,female,n_rr3_23,15972,rounded
2015,female,n_rr3_24,15840,rounded
2015,female,n_rr3_25,15903,rounded
2015,female,n_rr3_26,15867,rounded
2015,female,n_rr3_27,15879,rounded
2015,female,n_rr3_28,15903,rounded
2015,female,n_rr3_29,15816,rounded
2015,female,n_rr3_3,15876,rounded
2015,female,n_rr3_30,15903,rounded
2015,female,n_rr3_31,15828,rounded
2015,female,n_rr3_32,15840,rounded
2015,female,n_rr3_33,15834,rounded
2015,female,n_rr3_34,15825,rounded
2015,female,n_rr3_35,15831,rounded
2015,female,n_rr3_36,15828,rounded
2015,female,n_rr3_37,15876,rounded
2015,female,n_rr3_38,15882,rounded
2015,female,n_rr3_39,15765,rounded
2015,female,n_rr3_4,15876,rounded
2015,female,n_rr3_40,15891,rounded
2015,female,n_rr3_41,15888,rounded
2015,female,n_rr3_42,15855,rounded
2015,female,n_rr3_43,15789,rounded
2015,female,n_rr3_44,15894,rounded
2015,female,n_rr3_45,15888,rounded
2015,female,n_rr3_46,15813,rounded
2015,female,n_rr3_47,15828,rounded
2015,female,n_rr3_48,15876,rounded
2015,female,n_rr3_49,15849,rounded
2015,female,n_rr3_5,15717,rounded
2015,female,n_rr3_50,15951,rounded
2015,female,n_rr3_51,15900,rounded
2015,female,n_rr3_52,15888,rounded
2015,female,n_rr3_53,15828,rounded
2015,female,n_rr3_54,15795,rounded
2015,female,n_rr3_55,15924,rounded
2015,female,n_rr3_56,15894,rounded
2015,female,n_rr3_57,15942,rounded
2015,female,n_rr3_58,15909,rounded
2015,female,n_rr3_59,15882,rounded
2015,female,n_rr3_6,15702,rounded
2015,female,n_rr3_60,15786,rounded
2015,female,n_rr3_61,15858,rounded
2015,female,n_rr3_62,15879,rounded
2015,female,n_rr3_63,15837,rounded
2015,female,n_rr3_64,15948,rounded
2015,female,n_rr3_65,15801,rounded
2015,female,n_rr3_66,15789,rounded
2015,female,n_rr3_67,15882,rounded
2015,female,n_rr3_68,15834,rounded
2015,female,n_rr3_69,15882,rounded
2015,female,n_rr3_7,15831,rounded
2015,female,n_rr3_70,15882,rounded
2015,female,n_rr3_71,15855,rounded
2015,female,n_rr3_72,15864,rounded
2015,female,n_rr3_73,15837,rounded
2015,female,n_rr3_74,15957,rounded
2015,female,n_rr3_75,15876,rounded
2015,female,n_rr3_76,15939,rounded
2015,female,n_rr3_77,15888,rounded
2015,female,n_rr3_78,15825,rounded
2015,female,n_rr3_79,15771,rounded
2015,female,n_rr3_8,15906,rounded
2015,female,n_rr3_80,15894,rounded
2015,female,n_rr3_81,15867,rounded
2015,female,n_rr3_82,15960,rounded
2015,female,n_rr3_83,15825,rounded
2015,female,n_rr3_84,15873,rounded
2015,female,n_rr3_85,15897,rounded
2015,female,n_rr3_86,15963,rounded
2015,female,n_rr3_87,15939,rounded
2015,female,n_rr3_88,15807,rounded
2015,female,n_rr3_89,15897,rounded
2015,female,n_rr3_9,15738,rounded
2015,female,n_rr3_90,15816,rounded
2015,female,n_rr3_91,15771,rounded
2015,female,n_rr3_92,15915,rounded
2015,female,n_rr3_93,15840,rounded
2015,female,n_rr3_94,15726,rounded
2015,female,n_rr3_95,15777,rounded
2015,female,n_rr3_96,15876,rounded
2015,female,n_rr3_97,15951,rounded
2015,female,n_rr3_98,15873,rounded
2015,female,n_rr3_99,15888,rounded
2015,female,raw_cnt,15852,unrounded
2015,male,n_rr3_1,15882,rounded
2015,male,n_rr3_10,15798,rounded
2015,male,n_rr3_100,15906,rounded
2015,male,n_rr3_11,15861,rounded
2015,male,n_rr3_12,15759,rounded
2015,male,n_rr3_13,15744,rounded
2015,male,n_rr3_14,15744,rounded
2015,male,n_rr3_15,15819,rounded
2015,male,n_rr3_16,15696,rounded
2015,male,n_rr3_17,15741,rounded
2015,male,n_rr3_18,15720,rounded
2015,male,n_rr3_19,15765,rounded
2015,male,n_rr3_2,15759,rounded
2015,male,n_rr3_20,15768,rounded
2015,male,n_rr3_21,15801,rounded
2015,male,n_rr3_22,15741,rounded
2015,male,n_rr3_23,15768,rounded
2015,male,n_rr3_24,15822,rounded
2015,male,n_rr3_25,15807,rounded
2015,male,n_rr3_26,15705,rounded
2015,male,n_rr3_27,15924,rounded
2015,male,n_rr3_28,15741,rounded
2015,male,n_rr3_29,15696,rounded
2015,male,n_rr3_3,15858,rounded
2015,male,n_rr3_30,15789,rounded
2015,male,n_rr3_31,15765,rounded
2015,male,n_rr3_32,15894,rounded
2015,male,n_rr3_33,15711,rounded
2015,male,n_rr3_34,15753,rounded
2015,male,n_rr3_35,15705,rounded
2015,male,n_rr3_36,15855,rounded
2015,male,n_rr3_37,15768,rounded
2015,male,n_rr3_38,15726,rounded
2015,male,n_rr3_39,15711,rounded
2015,male,n_rr3_4,15852,rounded
2015,male,n_rr3_40,15813,rounded
2015,male,n_rr3_41,15780,rounded
2015,male,n_rr3_42,15807,rounded
2015,male,n_rr3_43,15795,rounded
2015,male,n_rr3_44,15804,rounded
2015,male,n_rr3_45,15798,rounded
2015,male,n_rr3_46,15852,rounded
2015,male,n_rr3_47,15771,rounded
2015,male,n_rr3_48,15726,rounded
2015,male,n_rr3_49,15915,rounded
2015,male,n_rr3_5,15786,rounded
2015,male,n_rr3_50,15705,rounded
2015,male,n_rr3_51,15813,rounded
2015,male,n_rr3_52,15786,rounded
2015,male,n_rr3_53,15756,rounded
2015,male,n_rr3_54,15696,rounded
2015,male,n_rr3_55,15840,rounded
2015,male,n_rr3_56,15735,rounded
2015,male,n_rr3_57,15861,rounded
2015,male,n_rr3_58,15852,rounded
2015,male,n_rr3_59,15774,rounded
2015,male,n_rr3_6,15771,rounded
2015,male,n_rr3_60,15774,rounded
2015,male,n_rr3_61,15822,rounded
2015,male,n_rr3_62,15849,rounded
2015,male,n_rr3_63,15909,rounded
2015,male,n_rr3_64,15738,rounded
2015,male,n_rr3_65,15855,rounded
2015,male,n_rr3_66,15594,rounded
2015,male,n_rr3_67,15822,rounded
2015,male,n_rr3_68,15822,rounded
2015,male,n_rr3_69,15771,rounded
2015,male,n_rr3_7,15831,rounded
2015,male,n_rr3_70,15864,rounded
2015,male,n_rr3_71,15843,rounded
2015,male,n_rr3_72,15885,rounded
2015,male,n_rr3_73,15819,rounded
2015,male,n_rr3_74,15969,rounded
2015,male,n_rr3_75,15756,rounded
2015,male,n_rr3_76,15819,rounded
2015,male,n_rr3_77,15780,rounded
2015,male,n_rr3_78,15831,rounded
2015,male,n_rr3_79,15828,rounded
2015,male,n_rr3_8,15765,rounded
2015,male,n_rr3_80,15771,rounded
2015,male,n_rr3_81,15780,rounded
2015,male,n_rr3_82,15741,rounded
2015,male,n_rr3_83,15711,rounded
2015,male,n_rr3_84,15729,rounded
2015,male,n_rr3_85,15798,rounded
2015,male,n_rr3_86,15867,rounded
2015,male,n_rr3_87,15807,rounded
2015,male,n_rr3_88,15756,rounded
2015,male,n_rr3_89,15855,rounded
2015,male,n_rr3_9,15804,rounded
2015,male,n_rr3_90,15699,rounded
2015,male,n_rr3_91,15792,rounded
2015,male,n_rr3_92,15786,rounded
2015,male,n_rr3_93,15777,rounded
2015,male,n_rr3_94,15810,rounded
2015,male,n_rr3_95,15768,rounded
2015,male,n_rr3_96,15903,rounded
2015,male,n_rr3_97,15882,rounded
2015,male,n_rr3_98,15750,rounded
2015,male,n_rr3_99,15864,rounded
2015,male,raw_cnt,15791,unrounded
2016,female,n_rr3_1,15447,rounded
2016,female,n_rr3_10,15486,rounded
2016,female,n_rr3_100,15432,rounded
2016,female,n_rr3_11,15516,rounded
2016,female,n_rr3_12,15462,rounded
2016,female,n_rr3_13,15501,rounded
2016,female,n_rr3_14,15462,rounded
2016,female,n_rr3_15,15501,rounded
2016,female,n_rr3_16,15441,rounded
2016,female,n_rr3_17,15480,rounded
2016,female,n_rr3_18,15423,rounded
2016,female,n_rr3_19,15528,rounded
2016,female,n_rr3_2,15588,rounded
2016,female,n_rr3_20,15501,rounded
2016,female,n_rr3_21,15450,rounded
2016,female,n_rr3_22,15432,rounded
2016,female,n_rr3_23,15393,rounded
2016,female,n_rr3_24,15477,rounded
2016,female,n_rr3_25,15405,rounded
2016,female,n_rr3_26,15456,rounded
2016,female,n_rr3_27,15420,rounded
2016,female,n_rr3_28,15441,rounded
2016,female,n_rr3_29,15555,rounded
2016,female,n_rr3_3,15387,rounded
2016,female,n_rr3_30,15468,rounded
2016,female,n_rr3_31,15396,rounded
2016,female,n_rr3_32,15474,rounded
2016,female,n_rr3_33,15519,rounded
2016,female,n_rr3_34,15390,rounded
2016,female,n_rr3_35,15387,rounded
2016,female,n_rr3_36,15462,rounded
2016,female,n_rr3_37,15423,rounded
2016,female,n_rr3_38,15462,rounded
2016,female,n_rr3_39,15372,rounded
2016,female,n_rr3_4,15459,rounded
2016,female,n_rr3_40,15489,rounded
2016,female,n_rr3_41,15567,rounded
2016,female,n_rr3_42,15519,rounded
2016,female,n_rr3_43,15489,rounded
2016,female,n_rr3_44,15366,rounded
2016,female,n_rr3_45,15462,rounded
2016,female,n_rr3_46,15531,rounded
2016,female,n_rr3_47,15354,rounded
2016,female,n_rr3_48,15480,rounded
2016,female,n_rr3_49,15480,rounded
2016,female,n_rr3_5,15378,rounded
2016,female,n_rr3_50,15393,rounded
2016,female,n_rr3_51,15540,rounded
2016,female,n_rr3_52,15408,rounded
2016,female,n_rr3_53,15540,rounded
2016,female,n_rr3_54,15552,rounded
2016,female,n_rr3_55,15477,rounded
2016,female,n_rr3_56,15408,rounded
2016,female,n_rr3_57,15546,rounded
2016,female,n_rr3_58,15507,rounded
2016,female,n_rr3_59,15474,rounded
2016,female,n_rr3_6,15498,rounded
2016,female,n_rr3_60,15468,rounded
2016,female,n_rr3_61,15525,rounded
2016,female,n_rr3_62,15486,rounded
2016,female,n_rr3_63,15432,rounded
2016,female,n_rr3_64,15519,rounded
2016,female,n_rr3_65,15447,rounded
2016,female,n_rr3_66,15492,rounded
2016,female,n_rr3_67,15465,rounded
2016,female,n_rr3_68,15570,rounded
2016,female,n_rr3_69,15447,rounded
2016,female,n_rr3_7,15429,rounded
2016,female,n_rr3_70,15477,rounded
2016,female,n_rr3_71,15348,rounded
2016,female,n_rr3_72,15420,rounded
2016,female,n_rr3_73,15378,rounded
2016,female,n_rr3_74,15366,rounded
2016,female,n_rr3_75,15471,rounded
2016,female,n_rr3_76,15429,rounded
2016,female,n_rr3_77,15417,rounded
2016,female,n_rr3_78,15432,rounded
2016,female,n_rr3_79,15417,rounded
2016,female,n_rr3_8,15477,rounded
2016,female,n_rr3_80,15549,rounded
2016,female,n_rr3_81,15417,rounded
2016,female,n_rr3_82,15453,rounded
2016,female,n_rr3_83,15456,rounded
2016,female,n_rr3_84,15492,rounded
2016,female,n_rr3_85,15348,rounded
2016,female,n_rr3_86,15495,rounded
2016,female,n_rr3_87,15453,rounded
2016,female,n_rr3_88,15456,rounded
2016,female,n_rr3_89,15414,rounded
2016,female,n_rr3_9,15537,rounded
2016,female,n_rr3_90,15471,rounded
2016,female,n_rr3_91,15405,rounded
2016,female,n_rr3_92,15324,rounded
2016,female,n_rr3_93,15408,rounded
2016,female,n_rr3_94,15522,rounded
2016,female,n_rr3_95,15489,rounded
2016,female,n_rr3_96,15459,rounded
2016,female,n_rr3_97,15528,rounded
2016,female,n_rr3_98,15501,rounded
2016,female,n_rr3_99,15456,rounded
2016,female,raw_cnt,15459,unrounded
2016,male,n_rr3_1,15939,rounded
2016,male,n_rr3_10,15846,rounded
2016,male,n_rr3_100,15864,rounded
2016,male,n_rr3_11,15792,rounded
2016,male,n_rr3_12,15741,rounded
2016,male,n_rr3_13,15801,rounded
2016,male,n_rr3_14,15780,rounded
2016,male,n_rr3_15,15765,rounded
2016,male,n_rr3_16,15768,rounded
2016,male,n_rr3_17,15795,rounded
2016,male,n_rr3_18,15882,rounded
2016,male,n_rr3_19,15807,rounded
2016,male,n_rr3_2,15834,rounded
2016,male,n_rr3_20,15948,rounded
2016,male,n_rr3_21,15837,rounded
2016,male,n_rr3_22,15822,rounded
2016,male,n_rr3_23,15819,rounded
2016,male,n_rr3_24,15786,rounded
2016,male,n_rr3_25,15864,rounded
2016,male,n_rr3_26,15900,rounded
2016,male,n_rr3_27,15900,rounded
2016,male,n_rr3_28,15828,rounded
2016,male,n_rr3_29,15936,rounded
2016,male,n_rr3_3,15843,rounded
2016,male,n_rr3_30,15825,rounded
2016,male,n_rr3_31,15840,rounded
2016,male,n_rr3_32,15840,rounded
2016,male,n_rr3_33,15879,rounded
2016,male,n_rr3_34,15831,rounded
2016,male,n_rr3_35,15861,rounded
2016,male,n_rr3_36,15804,rounded
2016,male,n_rr3_37,15861,rounded
2016,male,n_rr3_38,15945,rounded
2016,male,n_rr3_39,15816,rounded
2016,male,n_rr3_4,15843,rounded
2016,male,n_rr3_40,15816,rounded
2016,male,n_rr3_41,15888,rounded
2016,male,n_rr3_42,15879,rounded
2016,male,n_rr3_43,15762,rounded
2016,male,n_rr3_44,15804,rounded
2016,male,n_rr3_45,15717,rounded
2016,male,n_rr3_46,15804,rounded
2016,male,n_rr3_47,15834,rounded
2016,male,n_rr3_48,15828,rounded
2016,male,n_rr3_49,15756,rounded
2016,male,n_rr3_5,15858,rounded
2016,male,n_rr3_50,15837,rounded
2016,male,n_rr3_51,15933,rounded
2016,male,n_rr3_52,15804,rounded
2016,male,n_rr3_53,15828,rounded
2016,male,n_rr3_54,15873,rounded
2016,male,n_rr3_55,15843,rounded
2016,male,n_rr3_56,15870,rounded
2016,male,n_rr3_57,15819,rounded
2016,male,n_rr3_58,15849,rounded
2016,male,n_rr3_59,15912,rounded
2016,male,n_rr3_6,15864,rounded
2016,male,n_rr3_60,15975,rounded
2016,male,n_rr3_61,15834,rounded
2016,male,n_rr3_62,15792,rounded
2016,male,n_rr3_63,15846,rounded
2016,male,n_rr3_64,15870,rounded
2016,male,n_rr3_65,15885,rounded
2016,male,n_rr3_66,15768,rounded
2016,male,n_rr3_67,15876,rounded
2016,male,n_rr3_68,15894,rounded
2016,male,n_rr3_69,15936,rounded
2016,male,n_rr3_7,15903,rounded
2016,male,n_rr3_70,15975,rounded
2016,male,n_rr3_71,15945,rounded
2016,male,n_rr3_72,15768,rounded
2016,male,n_rr3_73,15786,rounded
2016,male,n_rr3_74,15915,rounded
2016,male,n_rr3_75,15927,rounded
2016,male,n_rr3_76,15801,rounded
2016,male,n_rr3_77,15879,rounded
2016,male,n_rr3_78,15852,rounded
2016,male,n_rr3_79,15753,rounded
2016,male,n_rr3_8,15813,rounded
2016,male,n_rr3_80,15828,rounded
2016,male,n_rr3_81,15882,rounded
2016,male,n_rr3_82,15876,rounded
2016,male,n_rr3_83,15792,rounded
2016,male,n_rr3_84,15756,rounded
2016,male,n_rr3_85,15753,rounded
2016,male,n_rr3_86,15909,rounded
2016,male,n_rr3_87,15810,rounded
2016,male,n_rr3_88,15840,rounded
2016,male,n_rr3_89,15843,rounded
2016,male,n_rr3_9,15804,rounded
2016,male,n_rr3_90,15774,rounded
2016,male,n_rr3_91,15900,rounded
2016,male,n_rr3_92,15750,rounded
2016,male,n_rr3_93,15855,rounded
2016,male,n_rr3_94,15852,rounded
2016,male,n_rr3_95,15774,rounded
2016,male,n_rr3_96,15837,rounded
2016,male,n_rr3_97,15840,rounded
2016,male,n_rr3_98,15768,rounded
2016,male,n_rr3_99,15867,rounded
2016,male,raw_cnt,15845,unrounded
2017,female,n_rr3_1,16554,rounded
2017,female,n_rr3_10,16479,rounded
2017,female,n_rr3_100,16581,rounded
2017,female,n_rr3_11,16425,rounded
2017,female,n_rr3_12,16587,rounded
2017,female,n_rr3_13,16578,rounded
2017,female,n_rr3_14,16464,rounded
2017,female,n_rr3_15,16485,rounded
2017,female,n_rr3_16,16554,rounded
2017,female,n_rr3_17,16617,rounded
2017,female,n_rr3_18,16506,rounded
2017,female,n_rr3_19,16533,rounded
2017,female,n_rr3_2,16479,rounded
2017,female,n_rr3_20,16512,rounded
2017,female,n_rr3_21,16548,rounded
2017,female,n_rr3_22,16560,rounded
2017,female,n_rr3_23,16596,rounded
2017,female,n_rr3_24,16503,rounded
2017,female,n_rr3_25,16524,rounded
2017,female,n_rr3_26,16491,rounded
2017,female,n_rr3_27,16389,rounded
2017,female,n_rr3_28,16578,rounded
2017,female,n_rr3_29,16539,rounded
2017,female,n_rr3_3,16458,rounded
2017,female,n_rr3_30,16626,rounded
2017,female,n_rr3_31,16443,rounded
2017,female,n_rr3_32,16512,rounded
2017,female,n_rr3_33,16542,rounded
2017,female,n_rr3_34,16515,rounded
2017,female,n_rr3_35,16527,rounded
2017,female,n_rr3_36,16518,rounded
2017,female,n_rr3_37,16548,rounded
2017,female,n_rr3_38,16524,rounded
2017,female,n_rr3_39,16515,rounded
2017,female,n_rr3_4,16368,rounded
2017,female,n_rr3_40,16497,rounded
2017,female,n_rr3_41,16491,rounded
2017,female,n_rr3_42,16500,rounded
2017,female,n_rr3_43,16542,rounded
2017,female,n_rr3_44,16464,rounded
2017,female,n_rr3_45,16440,rounded
2017,female,n_rr3_46,16509,rounded
2017,female,n_rr3_47,16410,rounded
2017,female,n_rr3_48,16479,rounded
2017,female,n_rr3_49,16482,rounded
2017,female,n_rr3_5,16488,rounded
2017,female,n_rr3_50,16539,rounded
2017,female,n_rr3_51,16515,rounded
2017,female,n_rr3_52,16593,rounded
2017,female,n_rr3_53,16470,rounded
2017,female,n_rr3_54,16515,rounded
2017,female,n_rr3_55,16452,rounded
2017,female,n_rr3_56,16617,rounded
2017,female,n_rr3_57,16530,rounded
2017,female,n_rr3_58,16584,rounded
2017,female,n_rr3_59,16407,rounded
2017,female,n_rr3_6,16533,rounded
2017,female,n_rr3_60,16539,rounded
2017,female,n_rr3_61,16497,rounded
2017,female,n_rr3_62,16437,rounded
2017,female,n_rr3_63,16536,rounded
2017,female,n_rr3_64,16476,rounded
2017,female,n_rr3_65,16560,rounded
2017,female,n_rr3_66,16593,rounded
2017,female,n_rr3_67,16485,rounded
2017,female,n_rr3_68,16497,rounded
2017,female,n_rr3_69,16434,rounded
2017,female,n_rr3_7,16431,rounded
2017,female,n_rr3_70,16554,rounded
2017,female,n_rr3_71,16605,rounded
2017,female,n_rr3_72,16671,rounded
2017,female,n_rr3_73,16503,rounded
2017,female,n_rr3_74,16539,rounded
2017,female,n_rr3_75,16398,rounded
2017,female,n_rr3_76,16569,rounded
2017,female,n_rr3_77,16563,rounded
2017,female,n_rr3_78,16497,rounded
2017,female,n_rr3_79,16479,rounded
2017,female,n_rr3_8,16449,rounded
2017,female,n_rr3_80,16536,rounded
2017,female,n_rr3_81,16524,rounded
2017,female,n_rr3_82,16533,rounded
2017,female,n_rr3_83,16599,rounded
2017,female,n_rr3_84,16572,rounded
2017,female,n_rr3_85,16425,rounded
2017,female,n_rr3_86,16524,rounded
2017,female,n_rr3_87,16548,rounded
2017,female,n_rr3_88,16440,rounded
2017,female,n_rr3_89,16527,rounded
2017,female,n_rr3_9,16524,rounded
2017,female,n_rr3_90,16395,rounded
2017,female,n_rr3_91,16425,rounded
2017,female,n_rr3_92,16500,rounded
2017,female,n_rr3_93,16533,rounded
2017,female,n_rr3_94,16554,rounded
2017,female,n_rr3_95,16554,rounded
2017,female,n_rr3_96,16437,rounded
2017,female,n_rr3_97,16653,rounded
2017,female,n_rr3_98,16440,rounded
2017,female,n_rr3_99,16545,rounded
2017,female,raw_cnt,16521,unrounded
2017,male,n_rr3_1,16929,rounded
2017,male,n_rr3_10,16899,rounded
2017,male,n_rr3_100,16959,rounded
2017,male,n_rr3_11,17043,rounded
2017,male,n_rr3_12,17022,rounded
2017,male,n_rr3_13,16941,rounded
2017,male,n_rr3_14,17022,rounded
2017,male,n_rr3_15,16926,rounded
2017,male,n_rr3_16,16968,rounded
2017,male,n_rr3_17,16908,rounded
2017,male,n_rr3_18,17037,rounded
2017,male,n_rr3_19,16950,rounded
2017,male,n_rr3_2,17013,rounded
2017,male,n_rr3_20,16938,rounded
2017,male,n_rr3_21,16902,rounded
2017,male,n_rr3_22,16941,rounded
2017,male,n_rr3_23,16986,rounded
2017,male,n_rr3_24,16950,rounded
2017,male,n_rr3_25,16950,rounded
2017,male,n_rr3_26,16989,rounded
2017,male,n_rr3_27,17031,rounded
2017,male,n_rr3_28,17001,rounded
2017,male,n_rr3_29,16986,rounded
2017,male,n_rr3_3,16965,rounded
2017,male,n_rr3_30,16935,rounded
2017,male,n_rr3_31,17001,rounded
2017,male,n_rr3_32,16944,rounded
2017,male,n_rr3_33,17007,rounded
2017,male,n_rr3_34,16848,rounded
2017,male,n_rr3_35,16983,rounded
2017,male,n_rr3_36,17010,rounded
2017,male,n_rr3_37,17013,rounded
2017,male,n_rr3_38,17001,rounded
2017,male,n_rr3_39,16968,rounded
2017,male,n_rr3_4,16992,rounded
2017,male,n_rr3_40,16959,rounded
2017,male,n_rr3_41,17034,rounded
2017,male,n_rr3_42,17013,rounded
2017,male,n_rr3_43,16944,rounded
2017,male,n_rr3_44,16914,rounded
2017,male,n_rr3_45,17034,rounded
2017,male,n_rr3_46,16935,rounded
2017,male,n_rr3_47,16995,rounded
2017,male,n_rr3_48,16914,rounded
2017,male,n_rr3_49,16881,rounded
2017,male,n_rr3_5,16995,rounded
2017,male,n_rr3_50,16878,rounded
2017,male,n_rr3_51,16872,rounded
2017,male,n_rr3_52,16896,rounded
2017,male,n_rr3_53,16953,rounded
2017,male,n_rr3_54,17085,rounded
2017,male,n_rr3_55,17055,rounded
2017,male,n_rr3_56,16944,rounded
2017,male,n_rr3_57,16887,rounded
2017,male,n_rr3_58,17046,rounded
2017,male,n_rr3_59,16905,rounded
2017,male,n_rr3_6,17013,rounded
2017,male,n_rr3_60,17034,rounded
2017,male,n_rr3_61,17034,rounded
2017,male,n_rr3_62,16905,rounded
2017,male,n_rr3_63,16962,rounded
2017,male,n_rr3_64,17007,rounded
2017,male,n_rr3_65,16977,rounded
2017,male,n_rr3_66,16959,rounded
2017,male,n_rr3_67,16959,rounded
2017,male,n_rr3_68,17010,rounded
2017,male,n_rr3_69,17058,rounded
2017,male,n_rr3_7,16917,rounded
2017,male,n_rr3_70,16944,rounded
2017,male,n_rr3_71,16983,rounded
2017,male,n_rr3_72,16944,rounded
2017,male,n_rr3_73,17007,rounded
2017,male,n_rr3_74,17001,rounded
2017,male,n_rr3_75,17007,rounded
2017,male,n_rr3_76,16923,rounded
2017,male,n_rr3_77,16902,rounded
2017,male,n_rr3_78,17073,rounded
2017,male,n_rr3_79,17019,rounded
2017,male,n_rr3_8,16998,rounded
2017,male,n_rr3_80,16920,rounded
2017,male,n_rr3_81,17037,rounded
2017,male,n_rr3_82,16962,rounded
2017,male,n_rr3_83,16938,rounded
2017,male,n_rr3_84,17013,rounded
2017,male,n_rr3_85,16959,rounded
2017,male,n_rr3_86,16986,rounded
2017,male,n_rr3_87,16836,rounded
2017,male,n_rr3_88,17052,rounded
2017,male,n_rr3_89,16968,rounded
2017,male,n_rr3_9,16974,rounded
2017,male,n_rr3_90,16935,rounded
2017,male,n_rr3_91,16962,rounded
2017,male,n_rr3_92,16920,rounded
2017,male,n_rr3_93,17004,rounded
2017,male,n_rr3_94,17016,rounded
2017,male,n_rr3_95,16986,rounded
2017,male,n_rr3_96,16929,rounded
2017,male,n_rr3_97,16908,rounded
2017,male,n_rr3_98,17016,rounded
2017,male,n_rr3_99,17034,rounded
2017,male,raw_cnt,16978,unrounded
2018,female,n_rr3_1,16143,rounded
2018,female,n_rr3_10,16107,rounded
2018,female,n_rr3_100,16188,rounded
2018,female,n_rr3_11,16173,rounded
2018,female,n_rr3_12,16152,rounded
2018,female,n_rr3_13,16176,rounded
2018,female,n_rr3_14,16254,rounded
2018,female,n_rr3_15,16209,rounded
2018,female,n_rr3_16,16209,rounded
2018,female,n_rr3_17,16179,rounded
2018,female,n_rr3_18,16227,rounded
2018,female,n_rr3_19,16116,rounded
2018,female,n_rr3_2,16122,rounded
2018,female,n_rr3_20,16272,rounded
2018,female,n_rr3_21,16128,rounded
2018,female,n_rr3_22,16143,rounded
2018,female,n_rr3_23,16173,rounded
2018,female,n_rr3_24,16167,rounded
2018,female,n_rr3_25,16206,rounded
2018,female,n_rr3_26,16281,rounded
2018,female,n_rr3_27,16233,rounded
2018,female,n_rr3_28,16041,rounded
2018,female,n_rr3_29,16236,rounded
2018,female,n_rr3_3,16248,rounded
2018,female,n_rr3_30,16191,rounded
2018,female,n_rr3_31,16158,rounded
2018,female,n_rr3_32,16113,rounded
2018,female,n_rr3_33,16146,rounded
2018,female,n_rr3_34,16161,rounded
2018,female,n_rr3_35,16173,rounded
2018,female,n_rr3_36,16143,rounded
2018,female,n_rr3_37,16200,rounded
2018,female,n_rr3_38,16173,rounded
2018,female,n_rr3_39,16182,rounded
2018,female,n_rr3_4,16185,rounded
2018,female,n_rr3_40,16197,rounded
2018,female,n_rr3_41,16119,rounded
2018,female,n_rr3_42,16212,rounded
2018,female,n_rr3_43,16188,rounded
2018,female,n_rr3_44,16206,rounded
2018,female,n_rr3_45,16197,rounded
2018,female,n_rr3_46,16092,rounded
2018,female,n_rr3_47,16173,rounded
2018,female,n_rr3_48,16233,rounded
2018,female,n_rr3_49,16164,rounded
2018,female,n_rr3_5,16224,rounded
2018,female,n_rr3_50,16272,rounded
2018,female,n_rr3_51,16176,rounded
2018,female,n_rr3_52,16077,rounded
2018,female,n_rr3_53,16188,rounded
2018,female,n_rr3_54,16185,rounded
2018,female,n_rr3_55,16158,rounded
2018,female,n_rr3_56,16248,rounded
2018,female,n_rr3_57,16164,rounded
2018,female,n_rr3_58,16218,rounded
2018,female,n_rr3_59,16194,rounded
2018,female,n_rr3_6,16191,rounded
2018,female,n_rr3_60,16185,rounded
2018,female,n_rr3_61,16197,rounded
2018,female,n_rr3_62,16221,rounded
2018,female,n_rr3_63,16113,rounded
2018,female,n_rr3_64,16134,rounded
2018,female,n_rr3_65,16182,rounded
2018,female,n_rr3_66,16218,rounded
2018,female,n_rr3_67,16098,rounded
2018,female,n_rr3_68,16224,rounded
2018,female,n_rr3_69,16095,rounded
2018,female,n_rr3_7,16152,rounded
2018,female,n_rr3_70,16221,rounded
2018,female,n_rr3_71,16143,rounded
2018,female,n_rr3_72,16230,rounded
2018,female,n_rr3_73,16047,rounded
2018,female,n_rr3_74,16242,rounded
2018,female,n_rr3_75,15996,rounded
2018,female,n_rr3_76,16149,rounded
2018,female,n_rr3_77,16209,rounded
2018,female,n_rr3_78,16236,rounded
2018,female,n_rr3_79,16122,rounded
2018,female,n_rr3_8,16233,rounded
2018,female,n_rr3_80,16146,rounded
2018,female,n_rr3_81,16263,rounded
2018,female,n_rr3_82,16092,rounded
2018,female,n_rr3_83,16248,rounded
2018,female,n_rr3_84,16212,rounded
2018,female,n_rr3_85,16146,rounded
2018,female,n_rr3_86,16149,rounded
2018,female,n_rr3_87,16224,rounded
2018,female,n_rr3_88,16188,rounded
2018,female,n_rr3_89,16296,rounded
2018,female,n_rr3_9,16212,rounded
2018,female,n_rr3_90,16158,rounded
2018,female,n_rr3_91,16140,rounded
2018,female,n_rr3_92,16122,rounded
2018,female,n_rr3_93,16191,rounded
2018,female,n_rr3_94,16221,rounded
2018,female,n_rr3_95,16212,rounded
2018,female,n_rr3_96,16173,rounded
2018,female,n_rr3_97,16257,rounded
2018,female,n_rr3_98,16170,rounded
2018,female,n_rr3_99,16203,rounded
2018,female,raw_cnt,16173,unrounded
2018,male,n_rr3_1,16887,rounded
2018,male,n_rr3_10,16893,rounded
2018,male,n_rr3_100,16914,rounded
2018,male,n_rr3_11,16956,rounded
2018,male,n_rr3_12,16974,rounded
2018,male,n_rr3_13,16902,rounded
2018,male,n_rr3_14,16863,rounded
2018,male,n_rr3_15,16875,rounded
2018,male,n_rr3_16,16992,rounded
2018,male,n_rr3_17,16893,rounded
2018,male,n_rr3_18,16929,rounded
2018,male,n_rr3_19,16791,rounded
2018,male,n_rr3_2,16953,rounded
2018,male,n_rr3_20,16785,rounded
2018,male,n_rr3_21,16908,rounded
2018,male,n_rr3_22,16872,rounded
2018,male,n_rr3_23,16893,rounded
2018,male,n_rr3_24,16926,rounded
2018,male,n_rr3_25,16971,rounded
2018,male,n_rr3_26,16938,rounded
2018,male,n_rr3_27,17013,rounded
2018,male,n_rr3_28,16893,rounded
2018,male,n_rr3_29,16911,rounded
2018,male,n_rr3_3,16938,rounded
2018,male,n_rr3_30,16956,rounded
2018,male,n_rr3_31,17052,rounded
2018,male,n_rr3_32,16923,rounded
2018,male,n_rr3_33,16923,rounded
2018,male,n_rr3_34,16923,rounded
2018,male,n_rr3_35,16860,rounded
2018,male,n_rr3_36,16848,rounded
2018,male,n_rr3_37,16818,rounded
2018,male,n_rr3_38,16824,rounded
2018,male,n_rr3_39,16995,rounded
2018,male,n_rr3_4,16884,rounded
2018,male,n_rr3_40,16905,rounded
2018,male,n_rr3_41,16908,rounded
2018,male,n_rr3_42,16866,rounded
2018,male,n_rr3_43,16929,rounded
2018,male,n_rr3_44,16836,rounded
2018,male,n_rr3_45,16890,rounded
2018,male,n_rr3_46,16803,rounded
2018,male,n_rr3_47,16938,rounded
2018,male,n_rr3_48,16866,rounded
2018,male,n_rr3_49,16815,rounded
2018,male,n_rr3_5,16944,rounded
2018,male,n_rr3_50,16899,rounded
2018,male,n_rr3_51,16890,rounded
2018,male,n_rr3_52,16986,rounded
2018,male,n_rr3_53,16956,rounded
2018,male,n_rr3_54,16890,rounded
2018,male,n_rr3_55,16872,rounded
2018,male,n_rr3_56,16833,rounded
2018,male,n_rr3_57,16803,rounded
2018,male,n_rr3_58,16974,rounded
2018,male,n_rr3_59,16899,rounded
2018,male,n_rr3_6,16905,rounded
2018,male,n_rr3_60,16824,rounded
2018,male,n_rr3_61,17019,rounded
2018,male,n_rr3_62,16920,rounded
2018,male,n_rr3_63,16860,rounded
2018,male,n_rr3_64,16932,rounded
2018,male,n_rr3_65,16785,rounded
2018,male,n_rr3_66,16935,rounded
2018,male,n_rr3_67,16893,rounded
2018,male,n_rr3_68,16917,rounded
2018,male,n_rr3_69,16953,rounded
2018,male,n_rr3_7,16863,rounded
2018,male,n_rr3_70,16989,rounded
2018,male,n_rr3_71,16938,rounded
2018,male,n_rr3_72,16965,rounded
2018,male,n_rr3_73,16857,rounded
2018,male,n_rr3_74,16956,rounded
2018,male,n_rr3_75,16899,rounded
2018,male,n_rr3_76,16923,rounded
2018,male,n_rr3_77,16986,rounded
2018,male,n_rr3_78,16923,rounded
2018,male,n_rr3_79,16911,rounded
2018,male,n_rr3_8,17037,rounded
2018,male,n_rr3_80,16920,rounded
2018,male,n_rr3_81,16884,rounded
2018,male,n_rr3_82,16869,rounded
2018,male,n_rr3_83,16992,rounded
2018,male,n_rr3_84,16959,rounded
2018,male,n_rr3_85,16956,rounded
2018,male,n_rr3_86,16914,rounded
2018,male,n_rr3_87,16866,rounded
2018,male,n_rr3_88,16962,rounded
2018,male,n_rr3_89,17022,rounded
2018,male,n_rr3_9,16830,rounded
2018,male,n_rr3_90,16995,rounded
2018,male,n_rr3_91,17004,rounded
2018,male,n_rr3_92,16887,rounded
2018,male,n_rr3_93,16872,rounded
2018,male,n_rr3_94,16878,rounded
2018,male,n_rr3_95,16845,rounded
2018,male,n_rr3_96,16812,rounded
2018,male,n_rr3_97,16902,rounded
2018,male,n_rr3_98,16938,rounded
2018,male,n_rr3_99,16929,rounded
2018,male,raw_cnt,16904,unrounded
2019,female,n_rr3_1,16572,rounded
2019,female,n_rr3_10,16563,rounded
2019,female,n_rr3_100,16587,rounded
2019,female,n_rr3_11,16602,rounded
2019,female,n_rr3_12,16644,rounded
2019,female,n_rr3_13,16644,rounded
2019,female,n_rr3_14,16563,rounded
2019,female,n_rr3_15,16509,rounded
2019,female,n_rr3_16,16626,rounded
2019,female,n_rr3_17,16551,rounded
2019,female,n_rr3_18,16491,rounded
2019,female,n_rr3_19,16545,rounded
2019,female,n_rr3_2,16605,rounded
2019,female,n_rr3_20,16536,rounded
2019,female,n_rr3_21,16569,rounded
2019,female,n_rr3_22,16563,rounded
2019,female,n_rr3_23,16494,rounded
2019,female,n_rr3_24,16638,rounded
2019,female,n_rr3_25,16623,rounded
2019,female,n_rr3_26,16536,rounded
2019,female,n_rr3_27,16461,rounded
2019,female,n_rr3_28,16533,rounded
2019,female,n_rr3_29,16563,rounded
2019,female,n_rr3_3,16488,rounded
2019,female,n_rr3_30,16521,rounded
2019,female,n_rr3_31,16512,rounded
2019,female,n_rr3_32,16545,rounded
2019,female,n_rr3_33,16542,rounded
2019,female,n_rr3_34,16578,rounded
2019,female,n_rr3_35,16518,rounded
2019,female,n_rr3_36,16488,rounded
2019,female,n_rr3_37,16722,rounded
2019,female,n_rr3_38,16563,rounded
2019,female,n_rr3_39,16542,rounded
2019,female,n_rr3_4,16575,rounded
2019,female,n_rr3_40,16602,rounded
2019,female,n_rr3_41,16536,rounded
2019,female,n_rr3_42,16503,rounded
2019,female,n_rr3_43,16575,rounded
2019,female,n_rr3_44,16578,rounded
2019,female,n_rr3_45,16722,rounded
2019,female,n_rr3_46,16614,rounded
2019,female,n_rr3_47,16563,rounded
2019,female,n_rr3_48,16605,rounded
2019,female,n_rr3_49,16599,rounded
2019,female,n_rr3_5,16560,rounded
2019,female,n_rr3_50,16593,rounded
2019,female,n_rr3_51,16659,rounded
2019,female,n_rr3_52,16521,rounded
2019,female,n_rr3_53,16533,rounded
2019,female,n_rr3_54,16485,rounded
2019,female,n_rr3_55,16500,rounded
2019,female,n_rr3_56,16581,rounded
2019,female,n_rr3_57,16650,rounded
2019,female,n_rr3_58,16641,rounded
2019,female,n_rr3_59,16623,rounded
2019,female,n_rr3_6,16548,rounded
2019,female,n_rr3_60,16530,rounded
2019,female,n_rr3_61,16617,rounded
2019,female,n_rr3_62,16572,rounded
2019,female,n_rr3_63,16635,rounded
2019,female,n_rr3_64,16509,rounded
2019,female,n_rr3_65,16542,rounded
2019,female,n_rr3_66,16479,rounded
2019,female,n_rr3_67,16518,rounded
2019,female,n_rr3_68,16581,rounded
2019,female,n_rr3_69,16542,rounded
2019,female,n_rr3_7,16569,rounded
2019,female,n_rr3_70,16476,rounded
2019,female,n_rr3_71,16608,rounded
2019,female,n_rr3_72,16635,rounded
2019,female,n_rr3_73,16521,rounded
2019,female,n_rr3_74,16569,rounded
2019,female,n_rr3_75,16545,rounded
2019,female,n_rr3_76,16491,rounded
2019,female,n_rr3_77,16593,rounded
2019,female,n_rr3_78,16548,rounded
2019,female,n_rr3_79,16581,rounded
2019,female,n_rr3_8,16542,rounded
2019,female,n_rr3_80,16581,rounded
2019,female,n_rr3_81,16746,rounded
2019,female,n_rr3_82,16584,rounded
2019,female,n_rr3_83,16566,rounded
2019,female,n_rr3_84,16566,rounded
2019,female,n_rr3_85,16422,rounded
2019,female,n_rr3_86,16578,rounded
2019,female,n_rr3_87,16542,rounded
2019,female,n_rr3_88,16566,rounded
2019,female,n_rr3_89,16545,rounded
2019,female,n_rr3_9,16554,rounded
2019,female,n_rr3_90,16509,rounded
2019,female,n_rr3_91,16527,rounded
2019,female,n_rr3_92,16512,rounded
2019,female,n_rr3_93,16506,rounded
2019,female,n_rr3_94,16542,rounded
2019,female,n_rr3_95,16614,rounded
2019,female,n_rr3_96,16428,rounded
2019,female,n_rr3_97,16695,rounded
2019,female,n_rr3_98,16605,rounded
2019,female,n_rr3_99,16536,rounded
2019,female,raw_cnt,16565,unrounded
2019,male,n_rr3_1,17556,rounded
2019,male,n_rr3_10,17481,rounded
2019,male,n_rr3_100,17490,rounded
2019,male,n_rr3_11,17451,rounded
2019,male,n_rr3_12,17307,rounded
2019,male,n_rr3_13,17394,rounded
2019,male,n_rr3_14,17577,rounded
2019,male,n_rr3_15,17433,rounded
2019,male,n_rr3_16,17451,rounded
2019,male,n_rr3_17,17565,rounded
2019,male,n_rr3_18,17346,rounded
2019,male,n_rr3_19,17427,rounded
2019,male,n_rr3_2,17454,rounded
2019,male,n_rr3_20,17466,rounded
2019,male,n_rr3_21,17418,rounded
2019,male,n_rr3_22,17553,rounded
2019,male,n_rr3_23,17439,rounded
2019,male,n_rr3_24,17520,rounded
2019,male,n_rr3_25,17403,rounded
2019,male,n_rr3_26,17466,rounded
2019,male,n_rr3_27,17454,rounded
2019,male,n_rr3_28,17442,rounded
2019,male,n_rr3_29,17352,rounded
2019,male,n_rr3_3,17406,rounded
2019,male,n_rr3_30,17403,rounded
2019,male,n_rr3_31,17514,rounded
2019,male,n_rr3_32,17532,rounded
2019,male,n_rr3_33,17382,rounded
2019,male,n_rr3_34,17547,rounded
2019,male,n_rr3_35,17463,rounded
2019,male,n_rr3_36,17427,rounded
2019,male,n_rr3_37,17595,rounded
2019,male,n_rr3_38,17517,rounded
2019,male,n_rr3_39,17418,rounded
2019,male,n_rr3_4,17559,rounded
2019,male,n_rr3_40,17517,rounded
2019,male,n_rr3_41,17496,rounded
2019,male,n_rr3_42,17541,rounded
2019,male,n_rr3_43,17400,rounded
2019,male,n_rr3_44,17463,rounded
2019,male,n_rr3_45,17472,rounded
2019,male,n_rr3_46,17457,rounded
2019,male,n_rr3_47,17526,rounded
2019,male,n_rr3_48,17499,rounded
2019,male,n_rr3_49,17355,rounded
2019,male,n_rr3_5,17451,rounded
2019,male,n_rr3_50,17403,rounded
2019,male,n_rr3_51,17505,rounded
2019,male,n_rr3_52,17466,rounded
2019,male,n_rr3_53,17487,rounded
2019,male,n_rr3_54,17436,rounded
2019,male,n_rr3_55,17460,rounded
2019,male,n_rr3_56,17574,rounded
2019,male,n_rr3_57,17508,rounded
2019,male,n_rr3_58,17556,rounded
2019,male,n_rr3_59,17415,rounded
2019,male,n_rr3_6,17502,rounded
2019,male,n_rr3_60,17400,rounded
2019,male,n_rr3_61,17517,rounded
2019,male,n_rr3_62,17412,rounded
2019,male,n_rr3_63,17400,rounded
2019,male,n_rr3_64,17406,rounded
2019,male,n_rr3_65,17439,rounded
2019,male,n_rr3_66,17466,rounded
2019,male,n_rr3_67,17487,rounded
2019,male,n_rr3_68,17481,rounded
2019,male,n_rr3_69,17412,rounded
2019,male,n_rr3_7,17478,rounded
2019,male,n_rr3_70,17496,rounded
2019,male,n_rr3_71,17442,rounded
2019,male,n_rr3_72,17325,rounded
2019,male,n_rr3_73,17409,rounded
2019,male,n_rr3_74,17496,rounded
2019,male,n_rr3_75,17496,rounded
2019,male,n_rr3_76,17553,rounded
2019,male,n_rr3_77,17592,rounded
2019,male,n_rr3_78,17463,rounded
2019,male,n_rr3_79,17385,rounded
2019,male,n_rr3_8,17436,rounded
2019,male,n_rr3_80,17430,rounded
2019,male,n_rr3_81,17445,rounded
2019,male,n_rr3_82,17352,rounded
2019,male,n_rr3_83,17469,rounded
2019,male,n_rr3_84,17451,rounded
2019,male,n_rr3_85,17520,rounded
2019,male,n_rr3_86,17445,rounded
2019,male,n_rr3_87,17403,rounded
2019,male,n_rr3_88,17421,rounded
2019,male,n_rr3_89,17433,rounded
2019,male,n_rr3_9,17346,rounded
2019,male,n_rr3_90,17400,rounded
2019,male,n_rr3_91,17463,rounded
2019,male,n_rr3_92,17403,rounded
2019,male,n_rr3_93,17511,rounded
2019,male,n_rr3_94,17448,rounded
2019,male,n_rr3_95,17502,rounded
2019,male,n_rr3_96,17454,rounded
2019,male,n_rr3_97,17415,rounded
2019,male,n_rr3_98,17433,rounded
2019,male,n_rr3_99,17586,rounded
2019,male,raw_cnt,17471,unrounded
2020,female,n_rr3_1,15663,rounded
2020,female,n_rr3_10,15783,rounded
2020,female,n_rr3_100,15831,rounded
2020,female,n_rr3_11,15798,rounded
2020,female,n_rr3_12,15717,rounded
2020,female,n_rr3_13,15870,rounded
2020,female,n_rr3_14,15702,rounded
2020,female,n_rr3_15,15819,rounded
2020,female,n_rr3_16,15834,rounded
2020,female,n_rr3_17,15771,rounded
2020,female,n_rr3_18,15756,rounded
2020,female,n_rr3_19,15729,rounded
2020,female,n_rr3_2,15726,rounded
2020,female,n_rr3_20,15861,rounded
2020,female,n_rr3_21,15879,rounded
2020,female,n_rr3_22,15783,rounded
2020,female,n_rr3_23,15936,rounded
2020,female,n_rr3_24,15807,rounded
2020,female,n_rr3_25,15861,rounded
2020,female,n_rr3_26,15813,rounded
2020,female,n_rr3_27,15789,rounded
2020,female,n_rr3_28,15711,rounded
2020,female,n_rr3_29,15705,rounded
2020,female,n_rr3_3,15810,rounded
2020,female,n_rr3_30,15741,rounded
2020,female,n_rr3_31,15807,rounded
2020,female,n_rr3_32,15822,rounded
2020,female,n_rr3_33,15729,rounded
2020,female,n_rr3_34,15687,rounded
2020,female,n_rr3_35,15828,rounded
2020,female,n_rr3_36,15744,rounded
2020,female,n_rr3_37,15822,rounded
2020,female,n_rr3_38,15756,rounded
2020,female,n_rr3_39,15729,rounded
2020,female,n_rr3_4,15738,rounded
2020,female,n_rr3_40,15936,rounded
2020,female,n_rr3_41,15744,rounded
2020,female,n_rr3_42,15759,rounded
2020,female,n_rr3_43,15804,rounded
2020,female,n_rr3_44,15735,rounded
2020,female,n_rr3_45,15828,rounded
2020,female,n_rr3_46,15876,rounded
2020,female,n_rr3_47,15846,rounded
2020,female,n_rr3_48,15699,rounded
2020,female,n_rr3_49,15717,rounded
2020,female,n_rr3_5,15825,rounded
2020,female,n_rr3_50,15912,rounded
2020,female,n_rr3_51,15660,rounded
2020,female,n_rr3_52,15783,rounded
2020,female,n_rr3_53,15768,rounded
2020,female,n_rr3_54,15762,rounded
2020,female,n_rr3_55,15771,rounded
2020,female,n_rr3_56,15690,rounded
2020,female,n_rr3_57,15747,rounded
2020,female,n_rr3_58,15849,rounded
2020,female,n_rr3_59,15822,rounded
2020,female,n_rr3_6,15801,rounded
2020,female,n_rr3_60,15825,rounded
2020,female,n_rr3_61,15888,rounded
2020,female,n_rr3_62,15792,rounded
2020,female,n_rr3_63,15765,rounded
2020,female,n_rr3_64,15801,rounded
2020,female,n_rr3_65,15759,rounded
2020,female,n_rr3_66,15795,rounded
2020,female,n_rr3_67,15768,rounded
2020,female,n_rr3_68,15756,rounded
2020,female,n_rr3_69,15828,rounded
2020,female,n_rr3_7,15795,rounded
2020,female,n_rr3_70,15792,rounded
2020,female,n_rr3_71,15813,rounded
2020,female,n_rr3_72,15939,rounded
2020,female,n_rr3_73,15750,rounded
2020,female,n_rr3_74,15879,rounded
2020,female,n_rr3_75,15861,rounded
2020,female,n_rr3_76,15639,rounded
2020,female,n_rr3_77,15777,rounded
2020,female,n_rr3_78,15708,rounded
2020,female,n_rr3_79,15723,rounded
2020,female,n_rr3_8,15723,rounded
2020,female,n_rr3_80,15786,rounded
2020,female,n_rr3_81,15849,rounded
2020,female,n_rr3_82,15795,rounded
2020,female,n_rr3_83,15903,rounded
2020,female,n_rr3_84,15732,rounded
2020,female,n_rr3_85,15711,rounded
2020,female,n_rr3_86,15813,rounded
2020,female,n_rr3_87,15765,rounded
2020,female,n_rr3_88,15801,rounded
2020,female,n_rr3_89,15795,rounded
2020,female,n_rr3_9,15768,rounded
2020,female,n_rr3_90,15729,rounded
2020,female,n_rr3_91,15774,rounded
2020,female,n_rr3_92,15774,rounded
2020,female,n_rr3_93,15768,rounded
2020,female,n_rr3_94,15819,rounded
2020,female,n_rr3_95,15741,rounded
2020,female,n_rr3_96,15753,rounded
2020,female,n_rr3_97,15741,rounded
2020,female,n_rr3_98,15753,rounded
2020,female,n_rr3_99,15852,rounded
2020,female,raw_cnt,15778,unrounded
2020,male,n_rr3_1,17049,rounded
2020,male,n_rr3_10,16929,rounded
2020,male,n_rr3_100,16908,rounded
2020,male,n_rr3_11,16941,rounded
2020,male,n_rr3_12,16989,rounded
2020,male,n_rr3_13,16893,rounded
2020,male,n_rr3_14,16860,rounded
2020,male,n_rr3_15,16899,rounded
2020,male,n_rr3_16,16809,rounded
2020,male,n_rr3_17,16917,rounded
2020,male,n_rr3_18,16938,rounded
2020,male,n_rr3_19,16890,rounded
2020,male,n_rr3_2,16920,rounded
2020,male,n_rr3_20,17004,rounded
2020,male,n_rr3_21,16917,rounded
2020,male,n_rr3_22,17004,rounded
2020,male,n_rr3_23,16941,rounded
2020,male,n_rr3_24,16956,rounded
2020,male,n_rr3_25,16905,rounded
2020,male,n_rr3_26,16965,rounded
2020,male,n_rr3_27,16998,rounded
2020,male,n_rr3_28,16956,rounded
2020,male,n_rr3_29,16884,rounded
2020,male,n_rr3_3,16917,rounded
2020,male,n_rr3_30,16875,rounded
2020,male,n_rr3_31,16890,rounded
2020,male,n_rr3_32,17025,rounded
2020,male,n_rr3_33,16890,rounded
2020,male,n_rr3_34,16962,rounded
2020,male,n_rr3_35,16923,rounded
2020,male,n_rr3_36,16911,rounded
2020,male,n_rr3_37,16950,rounded
2020,male,n_rr3_38,16839,rounded
2020,male,n_rr3_39,16941,rounded
2020,male,n_rr3_4,17019,rounded
2020,male,n_rr3_40,16977,rounded
2020,male,n_rr3_41,16995,rounded
2020,male,n_rr3_42,16956,rounded
2020,male,n_rr3_43,16968,rounded
2020,male,n_rr3_44,16947,rounded
2020,male,n_rr3_45,16848,rounded
2020,male,n_rr3_46,16980,rounded
2020,male,n_rr3_47,16986,rounded
2020,male,n_rr3_48,16995,rounded
2020,male,n_rr3_49,16929,rounded
2020,male,n_rr3_5,16998,rounded
2020,male,n_rr3_50,16917,rounded
2020,male,n_rr3_51,16935,rounded
2020,male,n_rr3_52,16929,rounded
2020,male,n_rr3_53,16905,rounded
2020,male,n_rr3_54,17031,rounded
2020,male,n_rr3_55,16881,rounded
2020,male,n_rr3_56,16938,rounded
2020,male,n_rr3_57,16905,rounded
2020,male,n_rr3_58,16944,rounded
2020,male,n_rr3_59,16950,rounded
2020,male,n_rr3_6,17064,rounded
2020,male,n_rr3_60,16974,rounded
2020,male,n_rr3_61,16863,rounded
2020,male,n_rr3_62,16968,rounded
2020,male,n_rr3_63,16935,rounded
2020,male,n_rr3_64,16998,rounded
2020,male,n_rr3_65,17016,rounded
2020,male,n_rr3_66,16917,rounded
2020,male,n_rr3_67,16944,rounded
2020,male,n_rr3_68,16980,rounded
2020,male,n_rr3_69,16971,rounded
2020,male,n_rr3_7,16935,rounded
2020,male,n_rr3_70,16998,rounded
2020,male,n_rr3_71,16962,rounded
2020,male,n_rr3_72,17001,rounded
2020,male,n_rr3_73,16998,rounded
2020,male,n_rr3_74,16932,rounded
2020,male,n_rr3_75,16917,rounded
2020,male,n_rr3_76,17007,rounded
2020,male,n_rr3_77,16827,rounded
2020,male,n_rr3_78,16920,rounded
2020,male,n_rr3_79,16881,rounded
2020,male,n_rr3_8,16866,rounded
2020,male,n_rr3_80,17010,rounded
2020,male,n_rr3_81,16968,rounded
2020,male,n_rr3_82,16908,rounded
2020,male,n_rr3_83,17007,rounded
2020,male,n_rr3_84,16926,rounded
2020,male,n_rr3_85,16845,rounded
2020,male,n_rr3_86,16845,rounded
2020,male,n_rr3_87,16965,rounded
2020,male,n_rr3_88,17013,rounded
2020,male,n_rr3_89,16902,rounded
2020,male,n_rr3_9,16926,rounded
2020,male,n_rr3_90,16971,rounded
2020,male,n_rr3_91,17046,rounded
2020,male,n_rr3_92,16947,rounded
2020,male,n_rr3_93,16875,rounded
2020,male,n_rr3_94,16974,rounded
2020,male,n_rr3_95,17007,rounded
2020,male,n_rr3_96,16956,rounded
2020,male,n_rr3_97,16926,rounded
2020,male,n_rr3_98,16968,rounded
2020,male,n_rr3_99,16905,rounded
2020,male,raw_cnt,16944,unrounded
2021,female,n_rr3_1,16992,rounded
2021,female,n_rr3_10,16959,rounded
2021,female,n_rr3_100,16884,rounded
2021,female,n_rr3_11,16884,rounded
2021,female,n_rr3_12,16989,rounded
2021,female,n_rr3_13,16896,rounded
2021,female,n_rr3_14,16866,rounded
2021,female,n_rr3_15,16887,rounded
2021,female,n_rr3_16,16929,rounded
2021,female,n_rr3_17,16905,rounded
2021,female,n_rr3_18,17013,rounded
2021,female,n_rr3_19,16920,rounded
2021,female,n_rr3_2,17016,rounded
2021,female,n_rr3_20,16965,rounded
2021,female,n_rr3_21,16962,rounded
2021,female,n_rr3_22,16968,rounded
2021,female,n_rr3_23,16977,rounded
2021,female,n_rr3_24,16944,rounded
2021,female,n_rr3_25,17013,rounded
2021,female,n_rr3_26,16872,rounded
2021,female,n_rr3_27,16914,rounded
2021,female,n_rr3_28,16950,rounded
2021,female,n_rr3_29,16944,rounded
2021,female,n_rr3_3,17022,rounded
2021,female,n_rr3_30,16956,rounded
2021,female,n_rr3_31,17010,rounded
2021,female,n_rr3_32,16878,rounded
2021,female,n_rr3_33,16770,rounded
2021,female,n_rr3_34,16980,rounded
2021,female,n_rr3_35,17010,rounded
2021,female,n_rr3_36,17046,rounded
2021,female,n_rr3_37,16887,rounded
2021,female,n_rr3_38,16986,rounded
2021,female,n_rr3_39,16881,rounded
2021,female,n_rr3_4,16893,rounded
2021,female,n_rr3_40,16980,rounded
2021,female,n_rr3_41,16980,rounded
2021,female,n_rr3_42,16995,rounded
2021,female,n_rr3_43,17010,rounded
2021,female,n_rr3_44,16944,rounded
2021,female,n_rr3_45,16953,rounded
2021,female,n_rr3_46,16971,rounded
2021,female,n_rr3_47,17076,rounded
2021,female,n_rr3_48,16920,rounded
2021,female,n_rr3_49,17025,rounded
2021,female,n_rr3_5,16851,rounded
2021,female,n_rr3_50,16938,rounded
2021,female,n_rr3_51,16932,rounded
2021,female,n_rr3_52,17001,rounded
2021,female,n_rr3_53,16890,rounded
2021,female,n_rr3_54,17049,rounded
2021,female,n_rr3_55,16857,rounded
2021,female,n_rr3_56,16872,rounded
2021,female,n_rr3_57,16992,rounded
2021,female,n_rr3_58,17076,rounded
2021,female,n_rr3_59,16971,rounded
2021,female,n_rr3_6,16923,rounded
2021,female,n_rr3_60,16878,rounded
2021,female,n_rr3_61,16905,rounded
2021,female,n_rr3_62,16992,rounded
2021,female,n_rr3_63,16902,rounded
2021,female,n_rr3_64,16923,rounded
2021,female,n_rr3_65,16875,rounded
2021,female,n_rr3_66,17010,rounded
2021,female,n_rr3_67,16926,rounded
2021,female,n_rr3_68,16887,rounded
2021,female,n_rr3_69,16962,rounded
2021,female,n_rr3_7,16965,rounded
2021,female,n_rr3_70,16917,rounded
2021,female,n_rr3_71,16896,rounded
2021,female,n_rr3_72,16842,rounded
2021,female,n_rr3_73,16974,rounded
2021,female,n_rr3_74,16953,rounded
2021,female,n_rr3_75,16968,rounded
2021,female,n_rr3_76,16965,rounded
2021,female,n_rr3_77,16938,rounded
2021,female,n_rr3_78,16971,rounded
2021,female,n_rr3_79,16968,rounded
2021,female,n_rr3_8,16935,rounded
2021,female,n_rr3_80,16866,rounded
2021,female,n_rr3_81,16899,rounded
2021,female,n_rr3_82,16941,rounded
2021,female,n_rr3_83,16995,rounded
2021,female,n_rr3_84,16977,rounded
2021,female,n_rr3_85,16896,rounded
2021,female,n_rr3_86,16920,rounded
2021,female,n_rr3_87,16926,rounded
2021,female,n_rr3_88,17034,rounded
2021,female,n_rr3_89,16995,rounded
2021,female,n_rr3_9,16914,rounded
2021,female,n_rr3_90,16950,rounded
2021,female,n_rr3_91,16854,rounded
2021,female,n_rr3_92,16923,rounded
2021,female,n_rr3_93,16905,rounded
2021,female,n_rr3_94,16968,rounded
2021,female,n_rr3_95,16974,rounded
2021,female,n_rr3_96,16872,rounded
2021,female,n_rr3_97,17013,rounded
2021,female,n_rr3_98,16986,rounded
2021,female,n_rr3_99,17010,rounded
2021,female,raw_cnt,16942,unrounded
2021,male,n_rr3_1,18003,rounded
2021,male,n_rr3_10,18123,rounded
2021,male,n_rr3_100,17994,rounded
2021,male,n_rr3_11,18066,rounded
2021,male,n_rr3_12,17940,rounded
2021,male,n_rr3_13,17922,rounded
2021,male,n_rr3_14,17964,rounded
2021,male,n_rr3_15,18036,rounded
2021,male,n_rr3_16,18003,rounded
2021,male,n_rr3_17,18030,rounded
2021,male,n_rr3_18,18018,rounded
2021,male,n_rr3_19,18087,rounded
2021,male,n_rr3_2,18012,rounded
2021,male,n_rr3_20,17943,rounded
2021,male,n_rr3_21,18099,rounded
2021,male,n_rr3_22,18021,rounded
2021,male,n_rr3_23,17988,rounded
2021,male,n_rr3_24,18057,rounded
2021,male,n_rr3_25,18054,rounded
2021,male,n_rr3_26,18093,rounded
2021,male,n_rr3_27,18009,rounded
2021,male,n_rr3_28,18138,rounded
2021,male,n_rr3_29,18033,rounded
2021,male,n_rr3_3,17997,rounded
2021,male,n_rr3_30,17991,rounded
2021,male,n_rr3_31,17976,rounded
2021,male,n_rr3_32,18027,rounded
2021,male,n_rr3_33,18045,rounded
2021,male,n_rr3_34,17976,rounded
2021,male,n_rr3_35,17988,rounded
2021,male,n_rr3_36,18003,rounded
2021,male,n_rr3_37,18093,rounded
2021,male,n_rr3_38,18036,rounded
2021,male,n_rr3_39,17994,rounded
2021,male,n_rr3_4,17892,rounded
2021,male,n_rr3_40,17946,rounded
2021,male,n_rr3_41,18024,rounded
2021,male,n_rr3_42,18009,rounded
2021,male,n_rr3_43,18117,rounded
2021,male,n_rr3_44,18018,rounded
2021,male,n_rr3_45,18009,rounded
2021,male,n_rr3_46,18114,rounded
2021,male,n_rr3_47,18051,rounded
2021,male,n_rr3_48,18048,rounded
2021,male,n_rr3_49,18045,rounded
2021,male,n_rr3_5,18039,rounded
2021,male,n_rr3_50,18072,rounded
2021,male,n_rr3_51,17985,rounded
2021,male,n_rr3_52,18039,rounded
2021,male,n_rr3_53,18054,rounded
2021,male,n_rr3_54,18036,rounded
2021,male,n_rr3_55,18042,rounded
2021,male,n_rr3_56,18003,rounded
2021,male,n_rr3_57,17934,rounded
2021,male,n_rr3_58,17907,rounded
2021,male,n_rr3_59,17958,rounded
2021,male,n_rr3_6,18024,rounded
2021,male,n_rr3_60,17988,rounded
2021,male,n_rr3_61,17913,rounded
2021,male,n_rr3_62,18039,rounded
2021,male,n_rr3_63,18099,rounded
2021,male,n_rr3_64,18069,rounded
2021,male,n_rr3_65,18144,rounded
2021,male,n_rr3_66,18027,rounded
2021,male,n_rr3_67,17937,rounded
2021,male,n_rr3_68,17961,rounded
2021,male,n_rr3_69,18063,rounded
2021,male,n_rr3_7,18042,rounded
2021,male,n_rr3_70,18093,rounded
2021,male,n_rr3_71,18096,rounded
2021,male,n_rr3_72,17886,rounded
2021,male,n_rr3_73,18027,rounded
2021,male,n_rr3_74,18021,rounded
2021,male,n_rr3_75,18126,rounded
2021,male,n_rr3_76,18066,rounded
2021,male,n_rr3_77,18063,rounded
2021,male,n_rr3_78,18015,rounded
2021,male,n_rr3_79,18132,rounded
2021,male,n_rr3_8,18045,rounded
2021,male,n_rr3_80,18018,rounded
2021,male,n_rr3_81,17982,rounded
2021,male,n_rr3_82,18063,rounded
2021,male,n_rr3_83,17976,rounded
2021,male,n_rr3_84,18000,rounded
2021,male,n_rr3_85,18039,rounded
2021,male,n_rr3_86,18015,rounded
2021,male,n_rr3_87,18039,rounded
2021,male,n_rr3_88,18003,rounded
2021,male,n_rr3_89,17967,rounded
2021,male,n_rr3_9,17937,rounded
2021,male,n_rr3_90,17943,rounded
2021,male,n_rr3_91,18015,rounded
2021,male,n_rr3_92,18009,rounded
2021,male,n_rr3_93,18009,rounded
2021,male,n_rr3_94,18066,rounded
2021,male,n_rr3_95,18048,rounded
2021,male,n_rr3_96,17964,rounded
2021,male,n_rr3_97,18090,rounded
2021,male,n_rr3_98,18015,rounded
2021,male,n_rr3_99,18093,rounded
2021,male,raw_cnt,18030,unrounded
2022,female,n_rr3_1,18822,rounded
2022,female,n_rr3_10,18885,rounded
2022,female,n_rr3_100,18873,rounded
2022,female,n_rr3_11,18906,rounded
2022,female,n_rr3_12,18951,rounded
2022,female,n_rr3_13,18879,rounded
2022,female,n_rr3_14,18999,rounded
2022,female,n_rr3_15,18906,rounded
2022,female,n_rr3_16,18891,rounded
2022,female,n_rr3_17,18894,rounded
2022,female,n_rr3_18,18963,rounded
2022,female,n_rr3_19,18906,rounded
2022,female,n_rr3_2,19002,rounded
2022,female,n_rr3_20,18957,rounded
2022,female,n_rr3_21,18879,rounded
2022,female,n_rr3_22,19008,rounded
2022,female,n_rr3_23,19008,rounded
2022,female,n_rr3_24,18849,rounded
2022,female,n_rr3_25,18966,rounded
2022,female,n_rr3_26,18933,rounded
2022,female,n_rr3_27,18891,rounded
2022,female,n_rr3_28,18900,rounded
2022,female,n_rr3_29,18951,rounded
2022,female,n_rr3_3,18954,rounded
2022,female,n_rr3_30,18936,rounded
2022,female,n_rr3_31,18909,rounded
2022,female,n_rr3_32,19035,rounded
2022,female,n_rr3_33,18948,rounded
2022,female,n_rr3_34,18927,rounded
2022,female,n_rr3_35,19002,rounded
2022,female,n_rr3_36,18915,rounded
2022,female,n_rr3_37,18912,rounded
2022,female,n_rr3_38,19032,rounded
2022,female,n_rr3_39,18954,rounded
2022,female,n_rr3_4,18906,rounded
2022,female,n_rr3_40,19002,rounded
2022,female,n_rr3_41,18999,rounded
2022,female,n_rr3_42,18933,rounded
2022,female,n_rr3_43,18924,rounded
2022,female,n_rr3_44,18990,rounded
2022,female,n_rr3_45,18960,rounded
2022,female,n_rr3_46,18948,rounded
2022,female,n_rr3_47,18870,rounded
2022,female,n_rr3_48,18876,rounded
2022,female,n_rr3_49,18939,rounded
2022,female,n_rr3_5,18888,rounded
2022,female,n_rr3_50,18984,rounded
2022,female,n_rr3_51,19044,rounded
2022,female,n_rr3_52,19056,rounded
2022,female,n_rr3_53,18885,rounded
2022,female,n_rr3_54,18963,rounded
2022,female,n_rr3_55,18927,rounded
2022,female,n_rr3_56,18966,rounded
2022,female,n_rr3_57,18939,rounded
2022,female,n_rr3_58,18807,rounded
2022,female,n_rr3_59,18936,rounded
2022,female,n_rr3_6,18894,rounded
2022,female,n_rr3_60,18951,rounded
2022,female,n_rr3_61,18924,rounded
2022,female,n_rr3_62,18984,rounded
2022,female,n_rr3_63,18951,rounded
2022,female,n_rr3_64,18858,rounded
2022,female,n_rr3_65,18864,rounded
2022,female,n_rr3_66,18894,rounded
2022,female,n_rr3_67,18831,rounded
2022,female,n_rr3_68,19053,rounded
2022,female,n_rr3_69,18891,rounded
2022,female,n_rr3_7,18900,rounded
2022,female,n_rr3_70,18945,rounded
2022,female,n_rr3_71,18936,rounded
2022,female,n_rr3_72,18918,rounded
2022,female,n_rr3_73,18945,rounded
2022,female,n_rr3_74,18954,rounded
2022,female,n_rr3_75,18873,rounded
2022,female,n_rr3_76,18951,rounded
2022,female,n_rr3_77,18972,rounded
2022,female,n_rr3_78,18855,rounded
2022,female,n_rr3_79,18954,rounded
2022,female,n_rr3_8,18987,rounded
2022,female,n_rr3_80,18933,rounded
2022,female,n_rr3_81,18975,rounded
2022,female,n_rr3_82,18906,rounded
2022,female,n_rr3_83,18885,rounded
2022,female,n_rr3_84,18987,rounded
2022,female,n_rr3_85,19026,rounded
2022,female,n_rr3_86,18933,rounded
2022,female,n_rr3_87,18978,rounded
2022,female,n_rr3_88,18996,rounded
2022,female,n_rr3_89,18906,rounded
2022,female,n_rr3_9,19017,rounded
2022,female,n_rr3_90,18966,rounded
2022,female,n_rr3_91,18861,rounded
2022,female,n_rr3_92,18837,rounded
2022,female,n_rr3_93,18858,rounded
2022,female,n_rr3_94,18921,rounded
2022,female,n_rr3_95,18921,rounded
2022,female,n_rr3_96,19020,rounded
2022,female,n_rr3_97,18900,rounded
2022,female,n_rr3_98,18948,rounded
2022,female,n_rr3_99,18933,rounded
2022,female,raw_cnt,18936,unrounded
2022,male,n_rr3_1,19860,rounded
2022,male,n_rr3_10,19836,rounded
2022,male,n_rr3_100,19788,rounded
2022,male,n_rr3_11,19899,rounded
2022,male,n_rr3_12,19863,rounded
2022,male,n_rr3_13,19836,rounded
2022,male,n_rr3_14,19869,rounded
2022,male,n_rr3_15,19797,rounded
2022,male,n_rr3_16,19866,rounded
2022,male,n_rr3_17,19815,rounded
2022,male,n_rr3_18,19761,rounded
2022,male,n_rr3_19,19857,rounded
2022,male,n_rr3_2,19800,rounded
2022,male,n_rr3_20,19932,rounded
2022,male,n_rr3_21,19941,rounded
2022,male,n_rr3_22,19869,rounded
2022,male,n_rr3_23,19887,rounded
2022,male,n_rr3_24,19836,rounded
2022,male,n_rr3_25,19830,rounded
2022,male,n_rr3_26,19989,rounded
2022,male,n_rr3_27,19899,rounded
2022,male,n_rr3_28,19836,rounded
2022,male,n_rr3_29,19896,rounded
2022,male,n_rr3_3,19893,rounded
2022,male,n_rr3_30,19845,rounded
2022,male,n_rr3_31,19827,rounded
2022,male,n_rr3_32,19854,rounded
2022,male,n_rr3_33,19761,rounded
2022,male,n_rr3_34,19881,rounded
2022,male,n_rr3_35,19944,rounded
2022,male,n_rr3_36,19902,rounded
2022,male,n_rr3_37,19872,rounded
2022,male,n_rr3_38,19818,rounded
2022,male,n_rr3_39,19884,rounded
2022,male,n_rr3_4,19890,rounded
2022,male,n_rr3_40,19962,rounded
2022,male,n_rr3_41,19935,rounded
2022,male,n_rr3_42,19863,rounded
2022,male,n_rr3_43,19854,rounded
2022,male,n_rr3_44,19743,rounded
2022,male,n_rr3_45,19833,rounded
2022,male,n_rr3_46,19848,rounded
2022,male,n_rr3_47,19848,rounded
2022,male,n_rr3_48,19941,rounded
2022,male,n_rr3_49,19803,rounded
2022,male,n_rr3_5,19827,rounded
2022,male,n_rr3_50,19956,rounded
2022,male,n_rr3_51,19788,rounded
2022,male,n_rr3_52,19797,rounded
2022,male,n_rr3_53,19857,rounded
2022,male,n_rr3_54,19983,rounded
2022,male,n_rr3_55,19893,rounded
2022,male,n_rr3_56,19818,rounded
2022,male,n_rr3_57,19734,rounded
2022,male,n_rr3_58,19773,rounded
2022,male,n_rr3_59,19779,rounded
2022,male,n_rr3_6,19857,rounded
2022,male,n_rr3_60,19914,rounded
2022,male,n_rr3_61,19893,rounded
2022,male,n_rr3_62,19899,rounded
2022,male,n_rr3_63,19839,rounded
2022,male,n_rr3_64,19953,rounded
2022,male,n_rr3_65,19821,rounded
2022,male,n_rr3_66,19890,rounded
2022,male,n_rr3_67,19845,rounded
2022,male,n_rr3_68,19821,rounded
2022,male,n_rr3_69,19881,rounded
2022,male,n_rr3_7,19911,rounded
2022,male,n_rr3_70,19830,rounded
2022,male,n_rr3_71,19818,rounded
2022,male,n_rr3_72,19929,rounded
2022,male,n_rr3_73,19899,rounded
2022,male,n_rr3_74,19875,rounded
2022,male,n_rr3_75,19908,rounded
2022,male,n_rr3_76,19773,rounded
2022,male,n_rr3_77,19806,rounded
2022,male,n_rr3_78,19848,rounded
2022,male,n_rr3_79,19845,rounded
2022,male,n_rr3_8,19809,rounded
2022,male,n_rr3_80,19833,rounded
2022,male,n_rr3_81,19932,rounded
2022,male,n_rr3_82,19830,rounded
2022,male,n_rr3_83,19884,rounded
2022,male,n_rr3_84,19875,rounded
2022,male,n_rr3_85,19860,rounded
2022,male,n_rr3_86,19827,rounded
2022,male,n_rr3_87,19806,rounded
2022,male,n_rr3_88,19872,rounded
2022,male,n_rr3_89,19893,rounded
2022,male,n_rr3_9,19968,rounded
2022,male,n_rr3_90,19941,rounded
2022,male,n_rr3_91,19878,rounded
2022,male,n_rr3_92,19998,rounded
2022,male,n_rr3_93,19977,rounded
2022,male,n_rr3_94,19821,rounded
2022,male,n_rr3_95,19806,rounded
2022,male,n_rr3_96,19788,rounded
2022,male,n_rr3_97,19887,rounded
2022,male,n_rr3_98,19854,rounded
2022,male,n_rr3_99,19803,rounded
2022,male,raw_cnt,19860,unrounded
2023,female,n_rr3_1,18357,rounded
2023,female,n_rr3_10,18309,rounded
2023,female,n_rr3_100,18219,rounded
2023,female,n_rr3_11,18369,rounded
2023,female,n_rr3_12,18285,rounded
2023,female,n_rr3_13,18318,rounded
2023,female,n_rr3_14,18348,rounded
2023,female,n_rr3_15,18354,rounded
2023,female,n_rr3_16,18333,rounded
2023,female,n_rr3_17,18258,rounded
2023,female,n_rr3_18,18219,rounded
2023,female,n_rr3_19,18255,rounded
2023,female,n_rr3_2,18303,rounded
2023,female,n_rr3_20,18234,rounded
2023,female,n_rr3_21,18225,rounded
2023,female,n_rr3_22,18282,rounded
2023,female,n_rr3_23,18303,rounded
2023,female,n_rr3_24,18318,rounded
2023,female,n_rr3_25,18261,rounded
2023,female,n_rr3_26,18300,rounded
2023,female,n_rr3_27,18288,rounded
2023,female,n_rr3_28,18342,rounded
2023,female,n_rr3_29,18303,rounded
2023,female,n_rr3_3,18255,rounded
2023,female,n_rr3_30,18336,rounded
2023,female,n_rr3_31,18336,rounded
2023,female,n_rr3_32,18303,rounded
2023,female,n_rr3_33,18315,rounded
2023,female,n_rr3_34,18378,rounded
2023,female,n_rr3_35,18342,rounded
2023,female,n_rr3_36,18297,rounded
2023,female,n_rr3_37,18312,rounded
2023,female,n_rr3_38,18273,rounded
2023,female,n_rr3_39,18357,rounded
2023,female,n_rr3_4,18360,rounded
2023,female,n_rr3_40,18336,rounded
2023,female,n_rr3_41,18345,rounded
2023,female,n_rr3_42,18363,rounded
2023,female,n_rr3_43,18258,rounded
2023,female,n_rr3_44,18309,rounded
2023,female,n_rr3_45,18210,rounded
2023,female,n_rr3_46,18267,rounded
2023,female,n_rr3_47,18336,rounded
2023,female,n_rr3_48,18240,rounded
2023,female,n_rr3_49,18261,rounded
2023,female,n_rr3_5,18315,rounded
2023,female,n_rr3_50,18288,rounded
2023,female,n_rr3_51,18375,rounded
2023,female,n_rr3_52,18375,rounded
2023,female,n_rr3_53,18213,rounded
2023,female,n_rr3_54,18411,rounded
2023,female,n_rr3_55,18300,rounded
2023,female,n_rr3_56,18276,rounded
2023,female,n_rr3_57,18291,rounded
2023,female,n_rr3_58,18279,rounded
2023,female,n_rr3_59,18372,rounded
2023,female,n_rr3_6,18228,rounded
2023,female,n_rr3_60,18261,rounded
2023,female,n_rr3_61,18240,rounded
2023,female,n_rr3_62,18306,rounded
2023,female,n_rr3_63,18312,rounded
2023,female,n_rr3_64,18228,rounded
2023,female,n_rr3_65,18387,rounded
2023,female,n_rr3_66,18342,rounded
2023,female,n_rr3_67,18246,rounded
2023,female,n_rr3_68,18234,rounded
2023,female,n_rr3_69,18297,rounded
2023,female,n_rr3_7,18252,rounded
2023,female,n_rr3_70,18270,rounded
2023,female,n_rr3_71,18204,rounded
2023,female,n_rr3_72,18327,rounded
2023,female,n_rr3_73,18438,rounded
2023,female,n_rr3_74,18234,rounded
2023,female,n_rr3_75,18246,rounded
2023,female,n_rr3_76,18330,rounded
2023,female,n_rr3_77,18315,rounded
2023,female,n_rr3_78,18342,rounded
2023,female,n_rr3_79,18219,rounded
2023,female,n_rr3_8,18300,rounded
2023,female,n_rr3_80,18369,rounded
2023,female,n_rr3_81,18207,rounded
2023,female,n_rr3_82,18309,rounded
2023,female,n_rr3_83,18294,rounded
2023,female,n_rr3_84,18411,rounded
2023,female,n_rr3_85,18198,rounded
2023,female,n_rr3_86,18315,rounded
2023,female,n_rr3_87,18354,rounded
2023,female,n_rr3_88,18222,rounded
2023,female,n_rr3_89,18237,rounded
2023,female,n_rr3_9,18243,rounded
2023,female,n_rr3_90,18294,rounded
2023,female,n_rr3_91,18306,rounded
2023,female,n_rr3_92,18345,rounded
2023,female,n_rr3_93,18312,rounded
2023,female,n_rr3_94,18255,rounded
2023,female,n_rr3_95,18315,rounded
2023,female,n_rr3_96,18318,rounded
2023,female,n_rr3_97,18333,rounded
2023,female,n_rr3_98,18345,rounded
2023,female,n_rr3_99,18351,rounded
2023,female,raw_cnt,18300,unrounded
2023,male,n_rr3_1,19593,rounded
2023,male,n_rr3_10,19635,rounded
2023,male,n_rr3_100,19647,rounded
2023,male,n_rr3_11,19722,rounded
2023,male,n_rr3_12,19566,rounded
2023,male,n_rr3_13,19566,rounded
2023,male,n_rr3_14,19506,rounded
2023,male,n_rr3_15,19737,rounded
2023,male,n_rr3_16,19572,rounded
2023,male,n_rr3_17,19695,rounded
2023,male,n_rr3_18,19665,rounded
2023,male,n_rr3_19,19641,rounded
2023,male,n_rr3_2,19605,rounded
2023,male,n_rr3_20,19545,rounded
2023,male,n_rr3_21,19602,rounded
2023,male,n_rr3_22,19611,rounded
2023,male,n_rr3_23,19692,rounded
2023,male,n_rr3_24,19599,rounded
2023,male,n_rr3_25,19629,rounded
2023,male,n_rr3_26,19587,rounded
2023,male,n_rr3_27,19548,rounded
2023,male,n_rr3_28,19608,rounded
2023,male,n_rr3_29,19608,rounded
2023,male,n_rr3_3,19716,rounded
2023,male,n_rr3_30,19695,rounded
2023,male,n_rr3_31,19626,rounded
2023,male,n_rr3_32,19704,rounded
2023,male,n_rr3_33,19731,rounded
2023,male,n_rr3_34,19671,rounded
2023,male,n_rr3_35,19563,rounded
2023,male,n_rr3_36,19542,rounded
2023,male,n_rr3_37,19677,rounded
2023,male,n_rr3_38,19641,rounded
2023,male,n_rr3_39,19602,rounded
2023,male,n_rr3_4,19695,rounded
2023,male,n_rr3_40,19668,rounded
2023,male,n_rr3_41,19578,rounded
2023,male,n_rr3_42,19638,rounded
2023,male,n_rr3_43,19602,rounded
2023,male,n_rr3_44,19668,rounded
2023,male,n_rr3_45,19536,rounded
2023,male,n_rr3_46,19539,rounded
2023,male,n_rr3_47,19674,rounded
2023,male,n_rr3_48,19593,rounded
2023,male,n_rr3_49,19653,rounded
2023,male,n_rr3_5,19671,rounded
2023,male,n_rr3_50,19626,rounded
2023,male,n_rr3_51,19629,rounded
2023,male,n_rr3_52,19653,rounded
2023,male,n_rr3_53,19644,rounded
2023,male,n_rr3_54,19662,rounded
2023,male,n_rr3_55,19644,rounded
2023,male,n_rr3_56,19593,rounded
2023,male,n_rr3_57,19644,rounded
2023,male,n_rr3_58,19593,rounded
2023,male,n_rr3_59,19671,rounded
2023,male,n_rr3_6,19629,rounded
2023,male,n_rr3_60,19701,rounded
2023,male,n_rr3_61,19629,rounded
2023,male,n_rr3_62,19695,rounded
2023,male,n_rr3_63,19710,rounded
2023,male,n_rr3_64,19731,rounded
2023,male,n_rr3_65,19620,rounded
2023,male,n_rr3_66,19632,rounded
2023,male,n_rr3_67,19605,rounded
2023,male,n_rr3_68,19668,rounded
2023,male,n_rr3_69,19716,rounded
2023,male,n_rr3_7,19716,rounded
2023,male,n_rr3_70,19674,rounded
2023,male,n_rr3_71,19650,rounded
2023,male,n_rr3_72,19668,rounded
2023,male,n_rr3_73,19647,rounded
2023,male,n_rr3_74,19626,rounded
2023,male,n_rr3_75,19668,rounded
2023,male,n_rr3_76,19728,rounded
2023,male,n_rr3_77,19557,rounded
2023,male,n_rr3_78,19614,rounded
2023,male,n_rr3_79,19590,rounded
2023,male,n_rr3_8,19716,rounded
2023,male,n_rr3_80,19587,rounded
2023,male,n_rr3_81,19695,rounded
2023,male,n_rr3_82,19665,rounded
2023,male,n_rr3_83,19617,rounded
2023,male,n_rr3_84,19635,rounded
2023,male,n_rr3_85,19680,rounded
2023,male,n_rr3_86,19620,rounded
2023,male,n_rr3_87,19707,rounded
2023,male,n_rr3_88,19659,rounded
2023,male,n_rr3_89,19641,rounded
2023,male,n_rr3_9,19548,rounded
2023,male,n_rr3_90,19605,rounded
2023,male,n_rr3_91,19575,rounded
2023,male,n_rr3_92,19602,rounded
2023,male,n_rr3_93,19587,rounded
2023,male,n_rr3_94,19746,rounded
2023,male,n_rr3_95,19626,rounded
2023,male,n_rr3_96,19662,rounded
2023,male,n_rr3_97,19569,rounded
2023,male,n_rr3_98,19638,rounded
2023,male,n_rr3_99,19584,rounded
2023,male,raw_cnt,19631,unrounded
